Category,Brands
Hàng nhập Hàn Quốc - Thể thao,"adidas,agatha,akiii-classic,armedes,arnaldo-bassini,asics,bikively,bluemountain,borason,bunnyshu,chariot,cocotrend,comfy,converse,dangoon,dinobassi,domba,echoroba,ellesse,ezbuy,fila,forever21,fuerza,herringbone,hippink,hotbba,hoz,hugg,idaily,ittu,joma,ksmall,kullite,le-coq-sportif,millet,mizuno_tt,new-balance,nike,paperplanes,penguinshoes,prospecs,puma,quick-silver,ra-n-nut,raffine,rebody,reebok,rurik,sbenu,sinsaya,sjin,skechers,slazenger,snrd,superga,tesla,ticntoc,trs,try,uhlsport,under-armour,worldcup,xoxo,zzakggung"
"Điện máy - Bao da, ốp lưng","baseus,devia,dtr,joyroom,kashimura,rock,sotate,tucano,tuxedo,zadez"
Nội y & đồ mặc nhà - Quần lót nữ,"am,bm-fashion,colorfulsexy,diva-by-triumph,format,ibasic,miley-lingerie,misaki,sabina,slimtess,sloggi,triumph,vera,vicci,viviane,wacoal,wannabe,zenna"
Điện máy - Điện gia dụng,"7gift,airwick,akifan,alpha,anitech,aqua,argo,ariete,asia,bluehouse,bluestone,bosch,braun,candy,comet,daichipro,diy,electrolux,elmich,elpa,fusibo,gd,goodlife,grundig,hamilton-beach,happy-cook,haupon,hitachi,homemax,ilo,iruka,kachi,kangaroo,kawachi,kentom,koreaking,legi,locklock,masterkool,mican,midea,mitsubishi,moriitalia,newstar,ngs-gold,no-brand,osaka,panasonic,panworld,pensonic,philips,so-easy,sunari,sunhouse,sunmax,taka,tefal,tiross,truong-tho"
Gia dụng - Đồ dùng nấu ăn,"altenbach,berghome,blue-house,capri,carlmann,cavalli,chefria,coleman,comet,cookcell,cs,daiya-alumi,delaware,dojikar,dong-hwa,dreamzzi,electrolux,elmich,elo,fagor,family-kitchen,fissler,flonal,fujihoro,fujipan-2,geithainer,gibernau,duc-thanh,goldsun,goodlife,green-pan,greencook,happy-call,happy-cook,hayasa,home-select,homemax,joseph-joseph,kangaroo,kitchenaid,kiwa,kiwi,klin's,koreaking,kova,kuchenzimmer,kyocera,la-fonte,la-gourmet,lacor,locklock,lucky-flame,luminarc,mishio,mommycook,moriitalia,namilux,naturnic,neoflam,ngs-gold,oem,pansy,poongnyun,prota,rachaelray,rainy,royalcooks,sakura,sanko,sato,shika,shikisai,silicone,soho,sunhouse,supor,taka,tashuan,tianxi,tiger,tramontina,trino,trudeau,tvdirect,uncle-bills,victorinox,viet-thang,zebra,zojirushi"
Giày túi - Phụ kiện túi xách,"foxer,trip"
Mỹ phẩm - Nước hoa,"alaia,anjo,annayake,azzaro,balmain,bath-body-works,beautee-collagen,bergamo,burberry,bvlgari,bvligari,calvin-klein,chanel,charrier-parfums,chloe,christian-dior,clayeux,coach,davidoff,delice,dionel,dior,dolce-n-gabbana,elizabeth-arden,elizabeth-taylor,estee-lauder,figaro,giorgio-armani,givenchy,gucci,healing-bird,herve-leger,hugo-boss,immortel,inessance,intesa,its-well-plus,j-del-pozo,jean-pual-gaultier,jeanne-arthes-paris,jeanne-durfe-paris,jimmy-choo,john-varvatos,juicy-couture,kenzo,kokeshi,lacoste,lamcosme,lancome,laurelle,love-cinema,lovite,malizia,marc-jacobs,marie-lucie,mini-crystal,mont-blanc,narciso-rodriguez,orlane,paco-rabanne,pucelle,ralph-lauren,salvatore-ferragamo,skin-&-body-care,sophie-cosmetic,thefaceshop,tom-ford,tommy-hilfiger,tory-burch,trusardi,valentino,vera-wang,versace,viktorolf,viktor-rolf,yves-rocher"
Mỹ phẩm - Chăm sóc tóc,"amore-pacific,andalou-naturals,arganicare,asami,aspasia,avif,baxter,beauty-buffet,beyond,cetaphil,chongkundang,daeng-gi-meo-ri,dalan,darkness,dhc,dove,eco,ecolife,elidor,ellips,enesti,ghands,garnier,gastby,green-grapy,healing-bird,henkel,huangshil-huangchil,jacklon,kinu,klorane,lanopearl,leonor-greyl,lifebuoy,locean,lovite,malizia,milaganics,milmil,moremo,nagano,naris,nature-queen,no-brand,ogx,organia,palmer,pantene,paulas-choice,prorance,rb,ragowoori,revitalash,richenna,saengn,sebamed,skin-&-body-care,skin-dress,skinfood,skylake,sodico,somang,streax,thefaceshop,thick-hair,vasmol,vedette,vichy,vitalcare,yuchoo-by-me,yves-rocher"
Mẹ & bé - Đồ dùng ăn uống cho bé,"aladdin,aprica,arau,ardo,babymoov,basilic,beesmart,bieber,born-free,brevi,canpol-babies,comotomo,ecolife,edison,evenflo,farlin,fisher-price,frosch,graco,hello-bb,joie,k-mom,ks-kids,kuku,locklock,looping,marcus,mothers-corn,munchkin,nip,nuk,philips-avent,pigeon,putti-atti,richell,rotho-babydesign,sassy,simba,skater,summer-infant-br1,sweet-cherry,terra,the-first-year,tollyjoy,vuon-xuan,winwintoys"
Điện máy - Máy làm đẹp,"comet,elmich,lifetrons,ngs-gold,osaka,panasonic,philips,sunhouse,tescom,tiross"
Mỹ phẩm - Chăm sóc da mặt,"3w-clinic,aplus,afeleia,amicell,andalou-naturals,anessa,angel-madam,anjo,annayake,ans,arrahan,arumiru,asami,aspasia,astalift,avif,baby-bright,banana-boat,banobagi,beaumore,beautee-collagen,beauty-buffet,beautybox,beauugreen,bebeco,bergamo,beyond,bidameun,bioderma,bird-nest,bookki,boom-de-ah-dah,botani,bright-doctors,byvibes-wb,caryophy,cathy-doll,cetaphil,chaldduk,chamos-acaci,clean-shower,clinians,cloud-9,cnkcos,coreana,corine-de-farme,cosmetea,cre8skin,dabo,daeng-gi-meo-ri,darkness,dearanchy,decello,dematory,dermal,dew-dew,dewy-tree,dhc,diamond,drg,drmedifirm,drnuell,dr4u,echoice,ecolife,ellindo,elravie,embryo,enesti,enprani,epona,essance,eticuti,eveline,evian,feferafe,flormar,forencos,formosa,ghands,get-new-skin,good-face,goodal,grinif,guerisson,halfmooneyes,hanbiseul,handmade,heathpro,hiddencos,hillda,hoa-thien,holika-holika,huxley,isaknox,its-well-plus,j-dew,jm,jm-solution,jomi,josto,julas-herb,kalos,kiku,kissa,la-roche-posay,ladykin,lamcosme,laneige,lanopearl,lavende,lebaton,lebelage,lec,leeblese,leejiham,leonor-greyl,locean,love-more,lovite,luna-belle,lunamer,macqueen-newyork,magic-skin,make-prem,marie-lucie,mayan,mcc,mediheal,mediskinbyc,mersenne-beaute,miccosmo,milaganics,milky-dress,mirae,miyako,mizon,mulbit,musecolor,my-jin,nagano,naris,naruko,natuer-be,natureby,naturescare,neogen,neutrogena,nexxel-corporation,nitta-gelatin,no-brand,nots,obagi,ohui,o-lysee,oreaf,organia,orlane,oshiaree,osho,pack-yangee,palmer,pasle,paulas-choice,pax-moly,peripera,pfn-nature,poker-face-7,prorance,pureauty,purita,pusche,ragowoori,rainbow-laffair,rarita,repaira,reyoucell,rire,roberta,roseheart,sclaa,s-recover,sac-ngoc-khang,saengn,sakura,sandras-beauty,sandra's-secret,sebamed,senka,seoulrose,sera-b,sevenday,sexy-look,skin-dress,skinfood,skinlovers,skinua,sky,skylake,snody,soâbio-etic,some-by-mi,son-n-park,sonatural,sophie-cosmetic,stives,suiskin,svr,thalgo,the-goen,the-piu,the-rucy,thefaceshop,tigo,tonymoly,topface,touch-in-sol,uriage,vanedo,vedette,vely-vely,vichy,vivant-joie,vt,vudepulang,w.lab,white-label,yanhee,yesbox,young-shop,yves-rocher,za"
Mẹ & bé - Thời trang bé trai,"amprin,ardilla,babyone,bebe,bieber,cuckeo,don,fashy,hello-bb,khanhngockids,lan-hanh,lullaby,nous,tollyjoy,vta,vuon-xuan,will"
Thể thao - Giày unisex,"alba,aokang,bitis,chi-pheo,erosska,glado,leedo,new-balance,nike,paperplanes,prospecs,prowin,superga,sutumi,timberland,vans"
Điện máy - Điện thoại - Máy tính bảng,"huawei,itel,lenovo,masstel,meizu,nokia,samsung,talkase"
Nội y & đồ mặc nhà - Đồ mặc nhà,"almira,cirino,ebao,emma,evie,hoaviet,lavender,mimishop,mommy,nutica,romance,sexyforever,sunfly,sunflytrendy,tim,vicci,wannabe,zenna"
Giày túi - Giày unisex,"3t,adorne,american-tourister,aokang,arte,artemys,az79,bandolini,bellroy,bitas,bitis,botusi,butterfly-twists,cabinzero,carat,carlton,cindydrella,clover,daiviet-shoes,dollypolly,dong-hwa,double-kiss,dvs,eastpak,eddas,erosska,expalo,fauxpas,fitflop,foxer,freewaters,fugashin,geox,gia-huy,girlie,gosto,heys,hk-fashion,hoang-my,holster,hq-shoes,huyhoang,its-well-plus,julicat,k-luxury,kamiliant,l&j,leoluxury,leorno,locklock,lody,lolemfashion,loqi,lt_bag,luna-llena,macat,massimo-dutti,midan,mikkor,mirabella,mistep,moriitalia,native,nine-west,pendleton,people,phucan,praza,ricardo,rivacase,roncato,sablanca,senta,shoesbagdelete,shucare,skyway,sledgers,sulily,sweet-berry,tammy-shoes,tathanium,thu-dong,toeot,togobags,travelers-choice,traverse,trip,trobico,valine,venuco,verchini,vl_leather,weeko,xox,yes24,zara"
Thể thao - Quần áo thể thao Nữ,"adam,ansa,anta,bao-an,colo,coral,delta,dff,dunlop,hiye,ibasic,just-feel-free,lan-hanh,mimishop,multi-legging,new-balance,oem,papka,pervic,phuc-an,prospecs,reebok,slimtess,sportslink,tdn,the-dai,thivi,wacoal,xtep"
Mẹ & bé - Thời trang sơ sinh,"amprin,aprica,babyone,bieber,canpol-babies,de-bon,hello-bb,kuku,lullaby,nous,petit-kids,pipo,simba,tollyjoy,vic,vuon-xuan,will"
Thời trang - Thời trang chống nắng,"chipxinhxk,cirino,hoaviet,so-young,the-cosmo"
Mỹ phẩm - Thiết bị làm đẹp,"afeleia,cosmetea,flawless,its-well-plus,mystery-beauty,sophie-cosmetic,touchbeauty,vanav,w.lab"
Mẹ & bé - Sữa & thực phẩm cho bé,"bionest,dintel,enfa,friso,gerber,glico,hipp,kewpie,meiji,morinaga,nestle,physiolac,raffertys-garden,wakodo,xo"
Gia dụng - Vật nuôi / thú cưng,"7gift,daeng-gi-meo-ri,dksh,ecolife,forcans,moderna,nutrisource,pet-family,uncle-bills"
Điện máy - Máy lạnh,"aqua,daikin,electrolux,kachi,lg,midea,mitsubishi,panasonic,sharp,sumikura,toshiba"
Phụ kiện - Phụ kiện khác,"burberry,can-de-blanc,carat,dg,elizabeth-arden,eunyul,ht-fashion,huyhoang,its-well-plus,jimmy-choo,macio,marc-jacobs,narciso-rodriguez,premier-br1,rando,reebok,so-young,softdecor,vic,woada"
"Điện máy - Dây cáp, Cốc sạc","adata,alpha,anker,apacer,aukey,belkin,cheero,cliptec,devia,elecom,energizer,genshai,golf,iwalk,joyroom,kashimura,philips,pisen,rock,romoss,techmate,tuxedo,wk,zadez"
Phụ kiện - Đồng hồ,"casio,daniel-wellington,henry-london,huyhoang,julius,kapten-son,oem,royal-crown,shengke,timex,valence,vinoce,yohemei"
Thể thao - Thiết bị thể thao,"bella,dang-nguyen-sport,daykeo_tummy,ketller,mofit,roller-slide,six-pack-care-2018,sportslink,thai-son,the-dai,tien-sport,toan-anh-sport,tvdirect,twister"
Mẹ & bé - Đồ dùng cho Mẹ,"aladdin,aoberst,ardo,babymoov,bao-nhien,brevi,canpol-babies,farlin,fashy,k-mom,kuku,lam-dep-cung-dinh,munchkin,no-brand,nuk,philips-avent,pigeon,simba,softex,tollyjoy,wonmom,yejimiin"
Thực phẩm - Thực phẩm ăn uống,"ajinomoto,alive,asahi,au-king-care,bakers-choice,bento,calbee,cararro,chongkundang,cookies-choice,coris,damtuh,delfi,devondale,donafood,dream,emart,fiji,fisherman's-friend,furuta,gerber,ginbis,gingerbon,ginseng-house,gudeli,hersheys,honey-boy,hung-phat,imperial,ito-biscuits,itoen,itsuki,jele-beautie,kabaya,kalbe,kasugai,kit-kat,konjak,lotus,m-n-m,magic-farm,matsuya,meg,meiji,mekong-megumi,mother-love,mr.-brown,national-brand,natural-life,natures-way,nestle,nestle-japan,nhi-farm,no-brand,nutiva,oishi,orion,perfetto,phaner,pigeon,qnt,quaco,real-food-store,rosy,sai-gon-anpha,sejong,shimaya,soy-secretz,tanaka,tarami,tay-nguyen-xanh,tipco,tk-food,toms-farm,ukon-no-chikara,uzu,vhoney,violet,vita-living,wakodo,winut,yeos,yum-yum"
"Giày túi - Túi xách, ví unisex","foxer,huyhoang,leorno,loqi,mikkor,skyway,verchini,xox"
Mỹ phẩm - Thực phẩm làm đẹp,"amia-slim,astalift,beaumore,beauty-collagen,beyond,beyou,dermaglo,golden-health,heathpro,hoa-thien,itoh,lanopearl,mayan,nitta-gelatin,power-hlp,sac-ngoc-khang,sakura,sky,slim-booster,sslim,tigo,umeken,vimeron-white"
Phụ kiện - Mắt kính,"3d-dlp,accede,bally,bandolini,bellini,boss-orange,boxx,burberry,bvlgari,byblos,calvin-klein,camila,carrera,charmant,charmant-blue,coach,dior,dkny,dolce-n-gabbana,dolce-and-gabbana,dsquared2,dunhill,elcamino,elle,emporio-armani,england,ermenegildo-zegna,erosska,escada,esprit,essentials,exfash,fendi,ferrari,furla,gborgonovi,gianfranco-ferre,giorgio-armani,girlie,givenchy,gucci,guess,guqui,hangten,harley-davidson,hugo-boss,jean-paul,jill-stuart,jubilant,just-cavalli,lacoste,levi's,lulu-guinness,michael-kors,miss-sixty,missoni,mito,miu-miu,mont-blanc,moschino,nba,new-balance,no-1-sport,outdo,panamera,parim,perci,polar-solar,polaroid,polarone,police,porsche-design,prosun,puma,quay,rayban,roberto-cavalli,rossi,salvatore-ferragamo,shady,smarty,swarovski,tag-heuer,timberland,tommy-hilfiger,valentino,veithdia,velocity,venus,versace,versus,v-idol,vigcom,vogue,xtm,yves-saint-laurent"
Hàng nhập Hàn Quốc - Thời trang nam,"8seconds,adidas,alfriends,all-jean,american-west,andew,apple-story,armedes,arnaldo-bassini,beigeco,bonnie-alex,bubbletree,buckaroo,champion,chariot,chasecult,chris-christy,clriden,codes-combine,comfy,culj,dangoon,dflic,ezbuy,feelgold,forever21,frankie-newyork,frj-jeans,fuerza,giordano,hanjhstyle,harrison-homme,huiz-homme,huiz-homme,interface,jbros,jeme,jiggygen,karlkani,kr-fashion,lacoste,lacrosse,lap,legen,legen-homme,leot,lsolid,lucien,mauna-kea,mfill,modest,moncross,moniz,mpromise,mutnam,nba,ngene,nii,nuviis,omphalos,paul-n-paul,place-mall,polham,puma,raymon-homme,ready-fit,reset,roadsatr,rocawear,rootoo,slacks,stco,superstari1,tate,tbj,teams-polham,the-cover,the-layer,thecover,tommy-hilfiger,topboy,try,unionbay,unlock,unlook,urbane,whoau,ziozia"
Thể thao - Phụ kiện thể thao,"adidas,andes,arisle,bell,belle,bitis,doosung,dunlop,giro,golf,happy-socks,kabuto,pervic,qnt,reebok,runstatic,slimtess,sportslink,thegioipatin,tien-sport,toan-anh-sport"
Gia dụng - Nội thất Decor,"7gift,aba,advindeg,airwick,ambi-pur,bao-inox,bao-thy,bat-trang,beanbag,bolsius,brait,carrot,coleman,dekor,dyvina,ecolife,esum,ftramart,duc-thanh,golden-dragon,hana,hang-son-dien,hokoog,homi,inter-design,jang-in,joyroom,kelvin,klc,klosso,kozoka,locklock,lorganic,miss-candle,miss-curtain,modulo-home,mondaine,nachtmann,ngs-gold,nguyen-hanh,nuova,oem,perfect,quang-minh-candle,richell,shplastic,silklamp,suemall,sunmax,tashuan,tbl,thanh-long,the-gioi-tranh-dep,uncle-bills,vicdecor,vidc,vidivi,viethands"
Nội y & đồ mặc nhà - Đồ lót nam,"boydy,ewin,ibasic,j-buss,jockey,phan-nguyen,procare,sfin,white-horse,woada"
Hàng nhập Hàn Quốc - Giày nam,"akiii-classic,aldo,banana-farm,boy-london,converse,dadoende,daks,flexi-series,geppetto,homeshopping,hoz,jackjill,jbros,koorooshoes,marvel,mooda,new-balance,paperplanes,pascorozen,shoeone,sinsaya,slazenger,snrd,spordino,the-cover,the-maling,ticntoc,worldcup"
Giày túi - Va li,"american-tourister,arte,carlton,dong-hwa,eastpak,eddas,gia-huy,heys,kamiliant,locklock,loqi,macat,pendleton,ricardo,roncato,skyway,travelers-choice,traverse,trip"
Điện máy - Thiết bị IT,"7gift,adata,apacer,cooler-master,hzt,jolimark,magitech,pantum,silicon-power,techmate,texet,transcend"
Thể thao - Quần áo thể thao Nam,"adam,adidas,anta,arisle,bao-an,bitis,colo,delta,dff,dunlop,handee,hiye,john-henry,maxsport,mimishop,mot-viet,new-balance,papka,pervic,reebok,so-young,sportslink,td,tdn,tokuni,vic,xtep"
Thể thao - Dụng cụ thể thao,"dang-nguyen-sport,delta,dunlop,hebeyoga,iscooter,mofit,no-brand,sportslink,thai-son,thegioipatin,tien-sport,toan-anh-sport,tvdirect"
Nội y & đồ mặc nhà - Phụ kiện,"format,ibasic"
"Giày túi - Túi xách, ví nữ","adorne,artemys,bandolini,botusi,carat,cindydrella,dollypolly,erosska,foxer,girlie,gosto,hk-fashion,huyhoang,its-well-plus,julicat,l&j,leorno,lody,lt_bag,luna-llena,midan,mikkor,nine-west,pendleton,phucan,shoesbagdelete,sweet-berry,thu-dong,venuco,verchini,xox"
Mẹ & bé - Dụng cụ an toàn,"3m,aoberst,babymoov,bao-nhien,basilic,beurer,brevi,canpol-babies,farlin,fashy,ikami,k-mom,ks-kids,kuku,munchkin,nip,nuk,pigeon,richell,simba,summer-infant-br1,tollyjoy"
Thời trang - Thời trang nam,"apex,atom,bernice,blue-exchange,freelancer,gavani,gold-rhino,ht-fashion,jockey,john-henry,kisetsu,lamer,macio,mint-basic,motivo,novelty,open,phan-nguyen,phuc-an,pierre-cardin,pt79,sanding-gold,seaman,silverline,so-young,tcm,the-cosmo,thivi,vienne-tran,vinh-tien,zara,zart"
Điện máy - Tai nghe,"1more,akg,astell-n-kern,audio-technica,aukey,bose,cliptec,cooler-master,dragonwar,elecom,fenda,genius,harman-kardon,hp,iluv,intopic,iwalk,jabra,jbl,joyroom,kashimura,kz-(knowledge-zenith),microlab,microsoft,monster,ostry,partron,plantronics,qinlian,roccat,rock,roman,sades,sennheiser,shozy,skullcandy,sony,soundmagic,texet,tfz,wk,xiberia,yison"
Gia dụng - Chăn drap / Gối Nệm,"ann-taylor,berry,beurer,blackdecker,branio,cobonla,coleman,drap24,dremel,dunlopillo,everon,fountain,grand,haewon,hana,harumi,home-sweet-home,intex,jang-in,jean-perry,julia,lien-a,locklock,lotus,miss-curtain,miyoshi,my-house,nem-viet,novelle-br1,poly,qnis,sesa,softdecor,studio-77,toto,tulip,van-thanh,viethands,vii-house,windsir,yoona-korea"
Mẹ & bé - Phụ kiện cho bé,"aprica,attipas,babyguard,babyone,bebe,bitas,bitis-kid,bouncie,cuckeo,elora,farlin,fashy,geox,globber,hello-bb,heys,ibasic,ks-kids,kaloo_mb,kiddus,kuku,lan-hanh,locklock,maltini,nekohero,parakito,pink-poppy,schneiderpen,shadez,simba,sunday-afternoons,sutumi,sweet-berry,taka,tiger-family,tollyjoy,totum,trunki,v-idol,vigcom,vuon-xuan"
Phụ kiện - Trang sức,"ancarat,beryl,cuu-boho,daniel-wellington,elora,erosska,kelly,laliz,moc,ngs-rose,opal,pinky-accessorries,salas-jewlry,tatiana,xtm,yeno"
Điện máy - Sức khỏe,"gali,legi,ngs-gold,perfect,steam0belt,tiross"
Giày túi - Túi du lịch,"arte,artemys,botusi,cabinzero,eastpak,foxer,locklock,loqi,lt_bag,macat,mikkor,moriitalia,pendleton,phucan,ricardo"
Thời trang - Thời trang nữ,"afterbefore,ainosofia,almira,amelia,amme,an-thuy,angeli-pham,aroogirl,atom,bella-moda,benron,blue-exchange,can-de-blanc,chelle,cherry-tree,chipxinhxk,cirino,cuckeo,dam-theu-sara,dany-shop,de-charme,de-vani,double-one,eden,freelancer,gaga,gavani,gold-rhino,guco,hityfashion,hoa-viet,hoang-my,hoaviet,jp-fashion,kk-fashion,kassun,kelly,kisetsu,kym,lamer,lamos-fashion,le-chateau,leena,lilya,lime-orange,lovadova,luna-llena,macio,mays-house,mdm,mimishop,mint-basic,myone-fashion,open,pamela,papka,pervic,quyen,rever,sanding-silver,so-young,son-nguyen,sunfly,sweet-berry,tcm,the-cosmo,the-one-fashion,the-xuchu,thivi,tisa,tonala,tosonfashion,triumph,vandos,vic,vicci,vienne-tran,zara,zart,zenfdy,zerasy,zun-the-label"
Gia dụng - Đồ dùng nhà bếp,"7gift,aladdin,apollo,asvel,bao-inox,barrier,bat-trang,bialetti,blue-house,bohemia,btraco,carlmann,carrot,coleman,comet,cs,cubes,dafi,delaware,dong-hwa,doshisha,duralex,duy-thanh,easy-body,elmich,everon,glasslock,duc-thanh,happy-cook,happy-mom,happycook-glass,herevin,hi-home,home-select,homio,incense,inter-design,joseph-joseph,kahchan,klc,kormel,kova,kuchenzimmer,kyocera,la-fonte,la-gourmet,laica,laspalm,legle,leonardo,lionstar,locklock,lucaris,luminarc,mellita,moriitalia,nachtmann,neoflam,ngs-gold,no-brand,nuova,o2cool,ocean,oem,prota,qnt,quantumby,renga,richell,sakura,samadoyo,samsuni,shika,silicone,silipang,skater,stanley,superlock,supor,taka,tark,tashuan,thanh-long,thermos,tiger,tramontina,traseal,trino,trudeau,truong-tho,tvdirect,uncle-bills,victorinox,vidivi,viet-thang,viethome,visions,yuwon-ps,zebra,zojirushi"
Mỹ phẩm - Chăm sóc cơ thể,"3w-clinic,aplus,andalou-naturals,annayake,ans,ara,asami,aspasia,atz-healthy-life,avif,banana-boat,bath-body-works,beaumore,beautee-collagen,beauty-buffet,beauugreen,beyond,bioderma,botani,bright-doctors,byphasse,cathy-doll,cetaphil,cnkcos,corine-de-farme,dabo,daeng-gi-meo-ri,dalan,darkness,dew-dew,dhc,diamond,dicora-urban-fit,dove,eccomorning,echoice,ecolife,enesti,enliven-br1,enprani,eveline,evoluderm,fantasy,flormar,ghands,green-cross,handmade,healing-bird,health-basic,henkel,holika-holika,intesa,its-well-plus,jacklon,jada,la-roche-posay,ladykin,lamcosme,laneige,lanopearl,leeblese,locean,love-cinema,lovite,lubriderm,malizia,marie-lucie,may,miccosmo,milaganics,milky-dress,milmil,miyako,monsavon,mutouch,nagano,naris,naruko,nature-queen,neutrogena,no-brand,nots,on-the-body,oreaf,organia,orlane,palmer,paulas-choice,pelican,pfn-nature,plu,prorance,rb,ragowoori,rarita,roseheart,saengn,sakura,sandra's-secret,sebamed,skin-&-body-care,skin-dress,skincube,skinfood,skinlovers,skylake,snp,soâbio-etic,somang,sslim,stives,svr,thalgo,the-rucy,thefaceshop,tigo,tonymoly,treaclemoon,vacosi,vedette,veet,vichy,yves-rocher"
Gia dụng - Đồ dùng nhà cửa,"3up,777,7gift,aaa,abloy,airtech,airwick,ariranglife,baba,babybelle,barrier,bat-trang,beurer,bidet,blackdecker,bmc,bosch,boso,bws,classymom,cleansui,cobonla,coleman,comet,continental,cs,dai-sinh,delaware,diy,dksh,dong-hwa,dr-kare,dremel,duy-thanh,eks,energizer,eucryl,famacell,forcans,ftramart,fujipan-2,glb,goodlife,gpulse,hansinco,haupon,hi-home,hi-power,hop-tri,imedicare,inter-design,joyoung,joyroom,julia,kachi,kangaroo,kawachi,kbd,kentom,khewra,klc,kuchenzimmer,la-fonte,laica,lanaform,leo,locklock,lorganic,lumena,mama,medismart,mellita,milaganics,modulo-home,moriitalia,namilux,national-brand,naturnic,neoflam,new-nabie,ngs-gold,nhon-hoa,nikawa,no-brand,oem,omega,onguard,ozone,perfetta,philips,power-air,profine,prota,relaxsan,rewa,richell,rossmax,sakura,scala,silicone,skater,skylake,skyway,smartkey,so-easy,spirit,spray-8,strabilia,sunhouse,sunmax,syro,sysmed,taeil,taipro,tashuan,thanh-long,thao-moc-vina,torayvino,toto,trudeau,turbo,turbo-six,tvdirect,uncle-bills,victorinox,viethands,vifami,xukiva,yuwon-ps,zojirushi"
Điện máy - Điện tử,"akino,gunners,imusic,mxq-pro,sony,xcl"
"Thể thao - Túi xách, ba lô","8848,adidas,arte,artemys,botusi,cabinzero,cindydrella,dutti,eastpak,foxer,girlie,glado,haras,healthy-back-bag,hk-fashion,hopp,huyhoang,john-henry,joyroom,kym,loqi,lt_bag,macat,mikkor,mooncat,mr-ace-home,passo,phucan,point,praza,reebok,reisenthel,rivacase,ronal,simplecarry,sonoz,sportslink,thu-dong,toan-anh-sport,tomi,toppu,venque,venuco,wenger,xox,yes24"
Hàng nhập Hàn Quốc - Phụ kiện,"4xtyle,alfriends,alpachino,american-story,apmeri,apple-story,arnaldo-bassini,babosarang,belivus,bikively,blackboy,blucats,blue-light,bonasor,boy-london,burberry,calvin-klein,casio,chocogem,cottonlavender,dg,daniel-wellington,dearjane,di-cubo,dicubo,dongtaemun,doremi,dparks,elizabeth-arden,elle,eunyul,fashion-full,fila,forever21,fuerza,genial,guess,hachill,henes,honeybee-korea,hrjewelry,idaily,ittu,jbros,jeme,jervie,jimmy-choo,jnana,jucy-judy,julius,kitschisland,lacoste,lap,leshop,loopee,luckyjoa,marc-jacobs,minishop,narciso-rodriguez,nayastyle,nba,paparazzib,ppgirl,puma,rorococo,shopnstory,showoff,sogosi,style-long,supreme,swib,takibz,tesla,the-laura,towoo,valentino-rudy,van-ake,wbestone,ziozia"
Mẹ & bé - Thời trang bé gái,"amprin,ardilla,bebe,bieber,cherie,cuckeo,de-bon,fashy,ginger-world,girlyone,hello-bb,khanhngockids,kokonut,kuku,lan-hanh,little-princess,lullaby,nous,pipo,tollyjoy,tutu-n-petti,vta,vuon-xuan,will"
Phụ kiện - Phụ kiện tóc,"chic-et-plus,elle,erosska,pinky-accessorries"
Hàng nhập Hàn Quốc - Giày unisex,"aislead,akiii-classic,avoq,boy-london,converse,dadoende,jackjill,koorooshoes,luceteshoes,new-balance,ollie,paperplanes,pascorozen,pink-elephant,public16,puma,reebok,shoeone,sinsaya,skono,slazenger,snrd,spordino,ticntoc,trs,twentyshoes,watco,worldcup"
Điện máy - Thẻ nhớ,"adata,apacer,kingston,neo,sandisk,team-group,toshiba"
Thể thao - Xe đạp - xe điện,"cannondale,giant,jett,nhua-cho-lon,sportslink,the-dai,tien-sport"
Mẹ & bé - Đồ dùng cho Bà Bầu,"bella-b,biolane,canpol-babies,hotga,kuku,maternea,pigeon,procare,thivi,wonmom"
Mỹ phẩm - Đồ trang điểm,"3ce,3class,3w-clinic,aplus,afeleia,ajang,andalou-naturals,andlab,anjo,annayake,ans,asami,aspasia,astalift,baby-bright,beaumore,beautee-collagen,beauty-buffet,beauty-plus,beautybox,beauty-uk,beauugreen,bebeco,bellapierre,bergamo,berrison,bioderma,blumei,botani,cathy-doll,cellnco,chou-chou,clio,cosmetea,craope,dabo,darkness,dew-dew,dhc,dino,dla,doosun,drg,drnuell,echoice,ecolife,eity-eight,enesti,enprani,esprit,essance,eveline,farmasi,feferafe,flormar,fran-wilson,g9-skin,grinif,guerisson,halfmooneyes,hanhui,hj,holika-holika,hoshiskin,icharming,icharmingkorea,iris,isaknox,its-well-plus,jmuh,jmuh,kalos,kkot,kokeshi,kryseis,lacvert,laneige,lanopearl,lec,leejiham,lioele,locean,locklock,lovite,lua,macqueen-newyork,mayan,mcc,miccosmo,milaganics,milky-dress,mizon,moart,musecolor,nagano,naris,naruko,no-brand,nots,ohui,oreaf,orlane,osho,palmer,pasle,passioncat,peripera,pretty,prorance,ragowoori,revitalash,rire,rucyâs-vanity,saengn,sakura,sandras-beauty,scandal,secret-key,siero,skin-&-body-care,skinfood,skinlovers,sky,skylake,snody,sofl-story,sonatural,sophie-cosmetic,thalgo,the-goen,the-rucy,the-skinface,thefaceshop,tigo,tonymoly,touch-in-sol,touchbeauty,uriage,vely-vely,vivant-joie,vt,vudepulang,w.lab,white-label,winwin88,witchpouch,yezihu,yijan,yves-rocher,za,zureo"
Nội y & đồ mặc nhà - Áo ngực,"am,can-de-blanc,chipxinhxk,colorfulsexy,ebao,geniebra,happy-price-by-sabina,ibasic,laura,miley-lingerie,sabina,sexyforever,sloggi,triumph,vera,viviane,wacoal,wannabe,woada,zenna"
Hàng nhập Hàn Quốc - Mỹ phẩm Hàn Quốc,"3ce,aekyung,label-young,peripera"
Giày túi - Phụ kiện giày,"expalo,shucare"
Gia dụng - Văn phòng phẩm,"7gift,alpha,amos,bc,bella,bestin,choco-crayon,donga,formtec,global-chemical,hutis,jongie-nara,kakao-friends,kumhong-fancy,lamy,lanaform,leorno,line-friends,locklock,m-posgy,monami,morning-glory,morris,munhwa,plusvn,shapa,shinhanart,skater,somssi,texet,tini-bebe,uncle-bills,victorinox,xukiva,yplus"
Điện máy - Phụ kiện công nghệ,"aukey,bubm,elecom,goodlife,greael,harman-kardon,iring,joyroom,kashimura,keysmart,kingston,microsoft,nasadtdd,partron,runstatic,sotate,takkepod,techmate,trend-micro,tucano,vaithuhay,wime,xduoo,zadez,z-pan"
Hàng nhập Hàn Quốc - Thời trang nữ,"-other-stories,8seconds,abplus,adidas,alfriends,allseason,amorday,andew,andstyle,angtoo,anivee-f,apple-story,armedes,aroogirl,attrangs,banila-b,banilacoo,bbyshop,besti-belli,bikively,bonnie-alex,borimam,brand-5,buckaroo,buehn,buke-buky,chariot,chic-line,chicline,chouette,chris-christy,christina-co,chuua,clovis,clriden,cocotrend,codes-combine,comeblanc,contagyou,cottonlavender,cubica,dab,dalkong-syrup,danmi,darllyshop,dearjane,deepny,dinobassi,dnelnew,easylook,echoroba,empolham,envylook,etgee,faline,fashion-full,fashionista,fila,forever21,friday,frj-jeans,from-you,g_cut,glamgonggam,goara,guess,h-gray,hanjhstyle,happyplaza,hayanbi,hazzimall,healling-it,herringbone,himimi,hiroki,honeybee-korea,honeydayz,hotbba,ice-silk,idaily,irain,ittu,jambangee,jcstyle,jeme,jenit,jugg,junico,kellysroom,knitmoa,kr-fashion,lacrosse,lap,lavora,lec,leewon,leot,leshop,liphop,list,love-feel,making-u,makmaks,maminuri,maple,mia-stylish,mintcoke,miss.th,mixbraun,modimama,momsketch,monaco,mostmom,mpromise,must-be-more,must.be,muzak,nba,nemo,nii,nike,noblesse,nuviis,olivia-vavi,omphalos,ontheriver,paige-flynn,palan,paul-n-paul,peper,pink-look,pinkyellow,pippin,playpop,plus-minus-zero,polham,ppgirl,puma,rebody,red-camp,roadbling,rorococo,roud,sellys,shes-n-girl,shesmiss,sogosi,spao,styleonly,sweetbunny,sweetplus,tate,tbj,teams-polham,teatro,thekooshop,timeless,togo,tomato,trendsetter,ubase,veryhip,vividress,vov,vteams,wdoubledot,whoau,winhazel,yozme"
Giày túi - Giày nữ,"aokang,az79,bandolini,bitas,bitis,butterfly-twists,cindydrella,clover,daiviet-shoes,dollypolly,double-kiss,dvs,erosska,expalo,fauxpas,fitflop,freewaters,geox,girlie,gosto,holster,hq-shoes,huyhoang,locklock,lolemfashion,mirabella,mistep,nine-west,people,sablanca,senta,sulily,tammy-shoes,trobico,valine,yes24"
Mẹ & bé - Vệ sinh & sức khỏe,"aha-baby,aha-bio,aoberst,aprica,arau,azeta,babymoov,babyone,bao-nhien,basilic,beesmart,bella-b,benefit,berry,bieber,born-free,brevi,canpol-babies,cuckeo,cussons-baby,emart,eskulin-kids,eurochem,farlin,gio,graco,hello-bb,ikami,jacklon,joie,k-mom,kidskit,kuku,lamaze,lec,looping,lotus,munchkin,no-brand,nuk,palmer,pigeon,richell,rotho-babydesign,sebamed,simba,sinbii,soâbio-etic,sodico,summer-infant-br1,the-first-year,thivi,tollyjoy,wonmom"
Mỹ phẩm - Mỹ phẩm nam,"annayake,axe,bath-body-works,dermal,ecolife,enliven-br1,figaro,ghands,grinif,intesa,josto,laneige,malizia,mcc,mip,miyako,nots,pantene,prorance,schick,skinfood,sonatural,thefaceshop,touchbeauty"
Thực phẩm - Thực phẩm Hàn Quốc,"bacchus,blue-one,chongkundang,chungs-food,chunho-vina,daily-confectionery-industry,damtuh,demax,emart,gaemi-food,ginseng-house,glucosamine,hitejinro-beverage,humanwell,hyangmiwon,kang-hwa,kgs,korea-ginseng-bio,korean-red-ginseng-sliced,lingzhi,miwami,national-brand,natural-food,nature,no-brand,nokchawon,okf-corporation,pocheon,sanpo-nongyeon,selco-food,toms-farm,upon,vegemil,woongjin"
Mẹ & bé - Đồ chơi trẻ em,"4m,7gift,amos,ariranglife,avengers,bbrand,baby-alive,babymoov,barbapapa,barbie,battat,board-game-viet,bruder,buncho,canpol-babies,carrera,cars,cat,champion-mb,chichi-land,colormate,crayola,dantoy,dealim,disney_vta,double-eagle,edaco,emco,ever-after-high,fashy,fisher-price,forkids,ggo,giant-saver,gundam,hape,hasbro-gaming,hatchimals,hezhi,hot-wheels,just-for-chef,ks-kids,kingwood,kuku,lbx,leapfrog,lego,lingdong,little-tikes,magic-sticky,maisto,marcus,marvel,mega-bloks,melissa,melissa-doug,merx,mighty-mind,monopoly,mtb,munchkin,my-little-pony,national-geographic,new-capable,nhua-cho-lon,nikko,oem,oid-magic,opti-morphs,paktattoys,phan-thi,plan-toys,playdoh,playmais,playskool,rastar,rmz,robo,saviors,schleich,siku,skyrover,sluban,sparklegirlz,spiderman,super-wings,superwings,theo-klein,thomas-friend,tipi,tollyjoy,totum,toy-state,transformers,tuba,uno,viettoys,vikingtoys,votexity,vroomiz,winwintoys,winx,xshot,young-toys,yoyo"
"Điện máy - Chuột, bàn phím","alpha,anitech,assassins,cliptec,cooler-master,foxxray,fuhlen,genius,lexma,microsoft,mofii,monster,newmen,redbean,texet,zadez"
Nội y & đồ mặc nhà - Đồ ngủ nữ,"almira,can-de-blanc,ebao,ibasic,kisetsu,miley-lingerie,romance,sexyforever,vicci,viviane,wacoal,wannabe"
Điện máy - Điện nhà bếp,"7gift,aha,apollo,argo,ariete,ariranglife,asanzo,bluehouse,bosch,brandt,braun,candy,capri,carraro,comet,coozin,cubes,cuchen,cuckoo,delonghi,donlim,electrolux,elmich,eurohome,fagor,ferroli,fissler,fujicook,gali,gibernau,goodlife,hamilton-beach,happy-call,happy-cook,happycook-glass,hayasa,homemax,honeys,iruka,ixor,jy,joyoung,jro,justinhouse,kachi,kahchan,kangaroo,kasumi,katomo,kenwood,kochstar,korchen,koreaking,kuchenzimmer,kuvings,legi,locklock,lucky-flame,magic-korea,media,melitta,mergo,mican,midea,mika,mishio,moriitalia,multi-cooker,nasa,ngs-gold,nikio,nivona,noble,osaka,panasonic,panworld,pensonic,perfect,philips,rainy,rewa,safari,sakura,sanko,schnell-kock,severin,shnellkock,soho,sunari,sunca,sunhouse,supor,taka,tefal,texet,tiger,tigerqueen,tiross,toshiba,truong-tho,tvdirect,van-bao,viethan,whirlpool,zojirushi"
"Điện máy - Loa, Âm thanh","anker,belkin,braven,cliptec,creative,daemax,devia,dojikar,dreamwave,edifier,elecom,fenda,harman-kardon,hifid,hp,intopic,jabra,jbl,joyroom,microlab,microtek,moigus,monster,skullcandy,sony,sotate,trendwoo"
Thực phẩm - Hồng sâm Hàn Quốc,"365,buleebang,cham-red-ginseng-deer-antlers,cheong-kwan-jang,cheonnyeonae-food,chongkundang,chunho-vina,daedong,daily-confectionery-industry,doctork,emart,geumsan-gold,ginseng-drink,ginseng-house,gold-insam,han-sam,hanmi,kgs,kogine,korea-ginseng-bio,koreainsam,korean-ginseng-tea-gold,korean-longevity-mushroom-extract-gold,korean-red-ginseng-sliced,koryo,kunbo,mama,oem,pocheon,royal-good,songhak,taewoong"
Điện máy - Sạc Dự phòng,"adata,ariranglife,arun,aukey,avatech,cheero,devia,ego,energizer,genshai,golf,iwalk,joyroom,kashimura,lemon,moigus,philips,pisen,romoss,smodo,socany,sony,team-group,texet,tuxedo,wk"
"Hàng nhập Hàn Quốc - Trẻ em, trẻ sơ sinh","adidas,andiapple-kids,archan,barbie,bonumam,candybaby,chocostars,converse,cordi,crocs,curlysue,dongmulone,envykids,fila,fuerza,grim-i,hellokittymall,iharoo,ilinekids,jr-junior,juni-boys,junigirls,keonjong,kids-como,kkakkung,lilipurri,lovelyori,lumi.c,maker-kids,mari-n-mori,mavarm,milkmile,moimoln,nba,new-balance,nike,pancoat,paperplanes,pawinpaw,play-mall,ppippilong,puma,rock-spring,rockfish,shoeone,slazenger,spordino,sweetplus,toymarket,vavkids,walton-kids,wing-house,worldcup"
Điện máy - USB,"adata,addlink,apacer,kingston,mili,silicon-power,team-group,toshiba,transcend"
Điện máy - Điện lạnh,"airwick,beurer,brandt,candy,coway,darling,electrolux,fagor,ferroli,goodlife,hitachi,international,ixor,kachi,koreaking,legi,lg,noble,panasonic,rewa,samsung,sanyo,sunhouse,taka,tiross,toshiba,whirlpool"
Giày túi - Giày nam,"3t,bitas,bitis,cindydrella,daiviet-shoes,dvs,freewaters,fugashin,geox,gosto,huyhoang,k-luxury,leoluxury,massimo-dutti,mistep,native,people,sledgers,tammy-shoes,tathanium,toeot,weeko,yes24,zara"
Phụ kiện - Thắt lưng,"bandolini,foxer,huyhoang,lody,visa-promo,vl_leather"
"Giày túi - Túi xách, ví nam","bellroy,botusi,foxer,gia-huy,hk-fashion,huyhoang,l&j,leoluxury,leorno,lody,lt_bag,macat,mikkor,praza,rivacase,tathanium,togobags,vl_leather"
Thể thao - Giày thể thao nữ,"adidas,akiii-classic,alba,anta,aokang,arnaldo-bassini,az79,azi,babolat,bitas,bitis,bluemountain,bunnyshu,chi-pheo,converse,dollypolly,domba,dr-martens,dunlop,ellesse,erosska,fila,fitflop,flossy,frock-shoes,fugashin,gal,geox,giro,hoz,hq-shoes,huyhoang,leedo,massimo-dutti,mido,mirabella,mizuno_tt,native,new-balance,nike,nine-west,paperplanes,passo,penguinshoes,people,prospecs,prowin,puma,ra-n-nut,reebok,sablanca,sbenu,slazenger,sledgers,sprox,superga,sutumi,tammy-shoes,tathanium,ticntoc,worldcup,xtep,yes24,zapas"
Thực phẩm - Thực phẩm chức năng,"adiva,akalong,alive,alltimes-care,aoza,beauty-skin,beful,bell,beyou,biao,bionutrigen,blissful-life,bsn,cholessen,costar,demax,doctork,double-white,dr.-select,dr.spi,enzymatic,fuji-health,hanmi,healthy-life,hello-white,hello-young,heropharm,hwal-ryeok-go-pocheon,isopure,kang-hwa,kentamax,kim-linh,kimlipharm,labwell,life-extension,melast,nanas-wonderland,natural-life,nature-queen,natures-way,nitta,noni100,nutiva,nutrasal,nutricep-organic,optimum-nutrition,orient-pharma,pine-mega-max,plus-one,pnkids,power-hlp,principle-nutrition,puritans-pride,real-food-store,sirosy,skinshot,solgar,superior,tam-ty-vuong,tao-spirulina,thao-moc-37,thien-phuc-nhan,toyama,vita-living,vuong-luc-khang,wellesse,zlove"
Gia dụng - Tắm/ Vệ sinh/ Giá kệ,"360-do,astonish,bao-inox,blue-house,blue-shot,bona,bosch,brait,carlmann,carmi,coleman,dksh,dong-hwa,dorco,dr-dental,duy-thanh,eurochem,everon,frosch,happy-cook,hi-home,homeone,hygiene,klc,kova,lg-tech,locklock,meo,midori,miracles,modulo-home,mollis,moriitalia,national-brand,neoflam,ngs-gold,no-brand,oem,omega,prota,richell,sakura,sandokkaebi,skater,softdecor,studio-77,super-mop,tashuan,thanh-long,tide-usa,uncle-bills,vidc,viethome"
Mẹ & bé - Bé yêu vận động,"aprica,beesmart,brevi,farlin,fedora_mb,fisher-price,forkids,galileo,globber,graco,henshin-bike,iangel,joie,kuku,looping,munchkin,nhua-cho-lon,radio-flyer,royal-bb,simba,sinbii,sweet-cherry,tollyjoy,trunki,viettoys,yedoo,zycom"
Giày túi - Ba lô,"cabinzero,lt_bag,sweet-berry,venuco,verchini"
Hàng nhập Hàn Quốc - Giày nữ,"aboutshoe,akiii-classic,aldo,bambola,beaubar,borndi-shoes,bunnyshu,converse,dailyshoe,dangolunni,fashion-full,ffeff,folder,forever21,fromshoegreen,gbx,heelstory,homeshopping,hoz,isadora,itshuz,jackjill,jiz,kea,keds,koorooshoes,lafroy,lap,love-and-city,luceteshoes,mellimot,moonfac,mpromise,ollie,palladium,paperplanes,pascorozen,peme,pink-elephant,public16,puma,ra-n-nut,rock-spring,rockfish,shoegarden,shoeone,shoopen,sinsaya,skechers,skono,snrd,sovo,spordino,subill67,superga,teenie-weenie,theshoes,ticntoc,togaktogak,topmodel-br1,trendcody,twentyshoes,twinky-girl,vanillashu,worldcup,zgx208"
Mỹ phẩm - Chăm sóc cá nhân,"amusecos,avif,azodra,beaumore,beautee-collagen,benefit,beyond,bookki,cathy-doll,corine-de-farme,crest,daeng-gi-meo-ri,darkness,darlie,dhc,durex,emart,eveline,everaid,excite,exs,good-life,gun,hachimitsu,jil-gyung-yi,jomi,jordan,kamagra,kimono,k-y,lactacyd,lamcosme,longtime,lovetoy,malizia,mandelay,mayan,miccosmo,nagano,nature-life,nexcare,no-brand,nuvo,ok,orajel,palmer,passion,pig-nose,pink-g,puraelle,saengn,safex,sebamed,shell,sico,skinfood,skylake,thalgo,the-eveneat,tigo,titan,touchbeauty,trojan,usu-pita,vacosi,vt,white-glo,white-label,xs-pro"
Thể thao - Đồ bơi,"aqua,bao-an,can-de-blanc,coleman,colorfulsexy,coral,fashy,hong-hanh,juni-house,lan-hanh,laputa,peaces,relax,speedo,sportslink,tien-sport,tokuni,unee-global,viviane"
"Hàng nhập Hàn Quốc - Túi xách, ba lô","2931,aldo,alpachino,american-story,amorday,andstyle,babosarang,belivus,blucats,bonebi,bonnie-bottari,buckaroo,buckish,dailybag,davinci,della-stella,dicubo,dongtaemun,elegance,elle,enoch,fashion-full,forever21,from-heaven,genial,guy-laroche_hq,homeshopping,izabel,jbros,jessica-simpson,lcate,lap,lecomma,leot,luna,mclanee,nike,pinkzebra,poketo,puma,roem_hq,rorococo,showoff,ssamzie,steve-madden,storybag,theevita,vonin,yes24"
Thể thao - Giày thể thao nam,"adidas,anta,aokang,asics,az79,bitas,bitis,chi-pheo,clae,converse,dr-martens,fila,gal,geox,giro,glado,lacoste,leedo,mido,new-balance,nike,pan,paperplanes,prospecs,prowin,puma,reebok,rurik,sbenu,sinsaya,skechers,slazenger,sprox,sutumi,tesla,viking,worldcup,xtep,zapas,zara,zzakggung"
Điện máy - Máy xay,"argo,ariete,ariranglife,asanzo,bamix,bluehouse,bosch,braun,comet,coway,cubes,cuchen,delonghi,donlim,egg-master,electrolux,elmich,gali,goodlife,grundig,hamilton-beach,happy-cook,hayasa,iruka,ixor,joyoung,kahchan,kenwood,kochstar,korchen,koreaking,kuchenzimmer,kuvings,locklock,magic-1,magic-korea,midea,midimori,mishio,moriitalia,ngs-gold,osaka,panasonic,pensonic,philips,poongnyun,sanyo,sunari,sunhouse,supor,taka,tefal,texet,tiross,whirlpool,zojirushi"
Mẹ & bé - Tã & Bỉm,"beesmart,bobby,goon,hello-bb,merries,petpet,tollyjoy,vuon-xuan"
Thực phẩm - Thực phẩm nấu ăn,"ajinomoto,daesang,emart,ichiban,imperial,marutomo,mekong-megumi,national-brand,no-brand,oishi,panzani,quoc-viet,real-food-store,samyang,shimaya,tanaka"
Hàng nhập Hàn Quốc - Gia dụng,"1000years,1004eshop,aire,airvita,amante,babosarang,bazaar,bellelier,bisket,blutack,bonedeco,buybeam,coloringbook,conair,cotton-banding,dadaliving,deco-one,envykids,eroomn,eva,exo,fool-love,funhouse,gaongil,ggomastar,goodmong,harmonydeco,hons,illusion-kjb,inoa,itshows,itsliving,itsroom,k2nine,kakao-friends,kimkkasi,kitchen-art,kittyholic,livingroom0414,mach,mink-blanket,modern-house,mooas,nemouse,paparazzib,peak,pisnet,prielle,rhinox,seolbin,shoppingtag,showoff,smile-home-decor,ssjg,steamy,super-junior,takibz,the-cover,the-style-home,the-haki,wanna-one,yes24,ygeshop,yoitch"
