Domain,Url,Product_id,1,2,3,4,5
adayroi.com,https://www.adayroi.com/bia-nut-thien-long-f4-hcb2636-p-PRI140138?offer=PRI140138_CHK,PRI140138,0,0,0,0,0
adayroi.com,https://www.adayroi.com/lich-bloc-sieu-cuc-dai-van-lang-2019-viet-nam-que-huong-toi-p-1890772?offer=1890772_BCO,1890772,0,0,0,0,0
adayroi.com,https://www.adayroi.com/vo-my-thuat-cao-cap-hai-tien-40-trang-p-290139?offer=290139_RWY,290139,0,0,0,0,1
adayroi.com,https://www.adayroi.com/khay-dung-tai-lieu-5-ngan-guangbo-wjk9238h-ghi-p-PRI1077770?offer=PRI1077770_Q5I,PRI1077770,0,0,0,0,0
adayroi.com,https://www.adayroi.com/tui-dung-ho-so-hyphen-hp06-kho-a4-p-PRI823321?offer=PRI823321_CKZ,PRI823321,0,0,0,0,0
adayroi.com,https://www.adayroi.com/giay-note-5-mau-pronoti-neon-flag-40434-12-x-50mm-p-PRI828530?offer=PRI828530_CKZ,PRI828530,0,0,0,0,0
adayroi.com,https://www.adayroi.com/so-lo-xo-a6-pgrand-p-PRI81422?offer=PRI81422_CHK,PRI81422,0,0,0,0,0
adayroi.com,https://www.adayroi.com/but-da-viet-bang-pentel-mw85-p-PRI1205571?offer=PRI1205571_RUK,PRI1205571,0,0,0,0,0
adayroi.com,https://www.adayroi.com/combo-10-hop-but-chi-mau-da-nang-stabilo-carbothello-clc1460m-hop-sat-60-mau-%E2%80%8B%E2%80%8B-p-PRI1168816?offer=PRI1168816_N5X,PRI1168816,0,0,0,0,0
adayroi.com,https://www.adayroi.com/but-may-waterman-exception-night-day-gold-cai-vang-ngoi-f-p-PRI615263?offer=PRI615263_MQG,PRI615263,0,0,0,0,0
adayroi.com,https://www.adayroi.com/but-may-waterman-exception-night-day-gold-cai-vang-ngoi-m-p-PRI615269?offer=PRI615269_MQG,PRI615269,0,0,0,0,0
adayroi.com,https://www.adayroi.com/but-may-delta-dolcevita-oversize-cai-bac-p-PRI505091?offer=PRI505091_M2R,PRI505091,0,0,0,0,0
adayroi.com,https://www.adayroi.com/but-da-omas-arte-italiana-milord-london-smoke-p-PRI468210?offer=PRI468210_M2R,PRI468210,0,0,0,0,0
adayroi.com,https://www.adayroi.com/but-da-omas-arte-italiana-milord-black-high-tech-trim-p-PRI467460?offer=PRI467460_M2R,PRI467460,0,0,0,0,0
adayroi.com,https://www.adayroi.com/but-da-omas-arte-italiana-maroon-milord-burgundy-rose-gold-trim-p-PRI467743?offer=PRI467743_M2R,PRI467743,0,0,0,0,0
adayroi.com,https://www.adayroi.com/but-bi-omas-arte-italiana-noir-millord-black-p-PRI468681?offer=PRI468681_M2R,PRI468681,0,0,0,0,0
adayroi.com,https://www.adayroi.com/but-may-waterman-expert-3-deluxe-black-chrome-trim-ngoi-m-p-PRI618512?offer=PRI618512_MQG,PRI618512,0,0,0,0,0
adayroi.com,https://www.adayroi.com/but-may-waterman-expert-3-deluxe-black-chrome-trim-ngoi-f-p-PRI618496?offer=PRI618496_MQG,PRI618496,0,0,0,0,0
adayroi.com,https://www.adayroi.com/but-may-delta-virtuosa-blue-cai-trang-p-PRI506693?offer=PRI506693_M2R,PRI506693,0,0,0,0,0
adayroi.com,https://www.adayroi.com/but-da-delta-journal-red-cai-trang-p-PRI507688?offer=PRI507688_M2R,PRI507688,0,0,0,0,0
adayroi.com,https://www.adayroi.com/but-may-parker-sonnet-vo-thep-cai-vang-p-PRI463158?offer=PRI463158_M2I,PRI463158,0,0,0,0,0
adayroi.com,https://www.adayroi.com/but-da-parker-sonnet-mate-black-cai-trang-muc-den-p-PRI1061267?offer=PRI1061267_M2I,PRI1061267,0,0,0,0,0
adayroi.com,https://www.adayroi.com/but-da-bi-parker-sonnet-07-laque-black-cai-vang-muc-den-p-PRI1061163?offer=PRI1061163_M2I,PRI1061163,0,0,0,0,0
adayroi.com,https://www.adayroi.com/but-da-parker-sonnet-laque-black-cai-trang-muc-den-p-PRI1059552?offer=PRI1059552_M2I,PRI1059552,0,0,0,0,0
adayroi.com,https://www.adayroi.com/but-bi-cao-cap-waterman-hemisphere-10-black-gold-trim-ngoi-m-muc-xanh-p-PRI620548?offer=PRI620548_MQG,PRI620548,0,0,0,0,0
adayroi.com,https://www.adayroi.com/but-chi-mau-stabilo-carbothello-60-cay-hop-sat-sach-to-mau-stabilo-free-your-true-colors-p-PRI1302863?offer=PRI1302863_N5X,PRI1302863,0,0,0,0,0
adayroi.com,https://www.adayroi.com/but-bi-waterman-hemisphere-10-matte-black-cai-vang-muc-den-p-PRI1058325?offer=PRI1058325_M2I,PRI1058325,0,0,0,0,0
adayroi.com,https://www.adayroi.com/but-bi-waterman-hemisphere-10-black-cai-trang-muc-den-p-PRI1058306?offer=PRI1058306_M2I,PRI1058306,0,0,0,0,0
adayroi.com,https://www.adayroi.com/bo-50-but-ky-stabilo-bl-ck-blkm-50-bu-1-0-mm-muc-xanh-p-PRI1160818?offer=PRI1160818_N5X,PRI1160818,0,0,0,0,0
adayroi.com,https://www.adayroi.com/bo-50-but-ky-stabilo-bl-ck-blkf-ngoi-bi-0-5mm-mau-tim-p-PRI1160597?offer=PRI1160597_N5X,PRI1160597,0,0,0,0,0
adayroi.com,https://www.adayroi.com/bo-50-but-ky-stabilo-bl-ck-blkf-ngoi-bi-0-7mm-mau-xanh-p-PRI1160594?offer=PRI1160594_N5X,PRI1160594,0,0,0,0,0
adayroi.com,https://www.adayroi.com/bo-50-but-ky-thuat-dau-kim-stabilo-sensor-f-mau-xanh-p-PRI1176291?offer=PRI1176291_N5X,PRI1176291,0,0,0,0,0
adayroi.com,https://www.adayroi.com/bo-144-cay-but-chi-go-hb-stabilo-pencil-160-hong-p-PRI1186363?offer=PRI1186363_N5X,PRI1186363,0,0,0,0,0
adayroi.com,https://www.adayroi.com/bo-144-cay-but-chi-go-2b-stabilo-schwan-pc421p-mau-nude-p-PRI1170048?offer=PRI1170048_N5X,PRI1170048,0,0,0,0,0
adayroi.com,https://www.adayroi.com/bo-144-cay-but-chi-go-neon-2b-stabilo-schwan-317-than-hong-p-PRI1166257?offer=PRI1166257_N5X,PRI1166257,0,0,0,0,0
adayroi.com,https://www.adayroi.com/bo-144-but-chi-go-neon-stabilo-schwan-317-2b-cam-p-PRI1164946?offer=PRI1164946_N5X,PRI1164946,0,0,0,0,0
adayroi.com,https://www.adayroi.com/bo-144-cay-but-chi-go-hb-stabilo-pencil-160-xanh-lam-p-PRI1180395?offer=PRI1180395_N5X,PRI1180395,0,0,0,0,0
adayroi.com,https://www.adayroi.com/bo-144-cay-but-chi-go-neon-2b-stabilo-schwan-317-than-vang-p-PRI1167339?offer=PRI1167339_N5X,PRI1167339,0,0,0,0,0
adayroi.com,https://www.adayroi.com/hop-144-cay-but-chi-go-opera-2b-stabilo-pc285-than-do-soc-trang-p-PRI1164547?offer=PRI1164547_N5X,PRI1164547,0,0,0,0,0
adayroi.com,https://www.adayroi.com/bo-144-cay-but-chi-go-stabilo-schwan-417-2b-than-bac-p-PRI1298877?offer=PRI1298877_N5X,PRI1298877,0,0,0,0,0
adayroi.com,https://www.adayroi.com/bo-144-cay-but-chi-go-stabilo-pastel-pc421r-144-2b-mau-rose-p-208049?offer=208049_N5X,208049,0,0,0,0,0
adayroi.com,https://www.adayroi.com/hop-144-cay-but-chi-go-stabilo-pastel-pc421v-144-2b-mau-tim-p-208059?offer=208059_N5X,208059,0,0,0,0,0
adayroi.com,https://www.adayroi.com/bo-144-but-chi-go-stabilo-swano-4907g-hb-trang-p-PRI1161057?offer=PRI1161057_N5X,PRI1161057,0,0,0,0,0
adayroi.com,https://www.adayroi.com/bo-144-cay-but-chi-go-hb-stabilo-swano-4907g-than-hong-p-PRI1163214?offer=PRI1163214_N5X,PRI1163214,0,0,0,0,0
adayroi.com,https://www.adayroi.com/bo-144-but-chi-go-stabilo-swano-4907g-hb-vang-p-PRI1161060?offer=PRI1161060_N5X,PRI1161060,0,0,0,0,0
adayroi.com,https://www.adayroi.com/bo-144-but-chi-go-dau-gom-stabilo-swano-4918-2b-den-p-PRI1161064?offer=PRI1161064_N5X,PRI1161064,0,0,0,0,0
adayroi.com,https://www.adayroi.com/bo-144-cay-but-chi-go-hb-stabilo-swano-4907g-than-xanh-la-cay-p-PRI1163211?offer=PRI1163211_N5X,PRI1163211,0,0,0,0,0
adayroi.com,https://www.adayroi.com/bo-144-cay-but-chi-go-hb-stabilo-swano-4907g-than-cam-p-PRI1164878?offer=PRI1164878_N5X,PRI1164878,0,0,0,0,0
adayroi.com,https://www.adayroi.com/but-bi-waterman-hemisphere-black-chrome-trim-ngoi-m-muc-den-p-PRI621359?offer=PRI621359_MQG,PRI621359,0,0,0,0,0
adayroi.com,https://www.adayroi.com/bo-144-cay-but-chi-go-co-gom-stabilo-butterfly-pc4920-2b-xanh-la-cay-p-PRI1303183?offer=PRI1303183_N5X,PRI1303183,0,0,0,0,0
adayroi.com,https://www.adayroi.com/bo-144-cay-but-chi-go-stabilo-swano-pc4918-2b-dau-gom-cam-p-PRI1303209?offer=PRI1303209_N5X,PRI1303209,0,0,0,0,0
adayroi.com,https://www.adayroi.com/bo-144-cay-but-chi-go-stabilo-swano-pc4918-2b-dau-gom-hong-p-PRI1303241?offer=PRI1303241_N5X,PRI1303241,0,0,0,0,0
adayroi.com,https://www.adayroi.com/bo-144-cay-but-chi-go-co-gom-stabilo-butterfly-pc4920-2b-hong-p-PRI1303194?offer=PRI1303194_N5X,PRI1303194,0,0,0,0,0
adayroi.com,https://www.adayroi.com/bo-144-cay-but-chi-go-co-gom-stabilo-butterfly-pc4920-2b-cam-p-PRI1303188?offer=PRI1303188_N5X,PRI1303188,0,0,0,0,0
adayroi.com,https://www.adayroi.com/bo-144-cay-chi-go-stabilo-pencil-pc88g-2p-dau-hong-dam-p-PRI1303255?offer=PRI1303255_N5X,PRI1303255,0,0,0,0,0
adayroi.com,https://www.adayroi.com/bo-144-cay-chi-go-stabilo-pencil-pc88g-2b-dau-xanh-la-p-PRI1303244?offer=PRI1303244_N5X,PRI1303244,0,0,0,0,0
adayroi.com,https://www.adayroi.com/bo-144-cay-but-chi-go-co-gom-stabilo-butterfly-pc4920-2b-vang-p-PRI1303302?offer=PRI1303302_N5X,PRI1303302,0,0,0,0,0
adayroi.com,https://www.adayroi.com/but-chi-go-2b-stabilo-point-88-pc88-2b-bo-144-chiec-p-PRI1298881?offer=PRI1298881_N5X,PRI1298881,0,0,0,0,0
adayroi.com,https://www.adayroi.com/but-chi-mau-stabilo-carbothello-48-cay-hop-sat-sach-to-mau-stabilo-free-your-true-colors-p-PRI1302853?offer=PRI1302853_N5X,PRI1302853,0,0,0,0,0
adayroi.com,https://www.adayroi.com/bo-144-cay-but-chi-go-stabilo-swano-4918-2b-gom-vang-p-249223?offer=249223_N5X,249223,0,0,0,0,0
adayroi.com,https://www.adayroi.com/combo-10-hop-but-chi-mau-stabilo-jumbo-clj1875-18-cay-hop-p-PRI1177412?offer=PRI1177412_N5X,PRI1177412,0,0,0,0,0
adayroi.com,https://www.adayroi.com/ba-lo-chong-gu-randoseru-xuat-nhat-do-p-PRI1233839?offer=PRI1233839_M-PU2,PRI1233839,0,0,0,0,1
adayroi.com,https://www.adayroi.com/combo-10-bo-but-chi-mau-stabilo-trio-thick-cl203-12-cay-vi-p-PRI1168488?offer=PRI1168488_N5X,PRI1168488,0,0,0,0,0
adayroi.com,https://www.adayroi.com/but-bi-cao-cap-parker-sonnet-07-stainless-steel-gold-trim-ngoi-f-muc-den-p-PRI625487?offer=PRI625487_MQG,PRI625487,0,0,0,0,0
adayroi.com,https://www.adayroi.com/but-bi-cao-cap-parker-sonnet-07-stainless-steel-chrome-trim-ngoi-f-p-PRI625596?offer=PRI625596_MQG,PRI625596,0,0,0,0,0
adayroi.com,https://www.adayroi.com/bo-50-but-ky-stabilo-bl-ck-blkm-50-bk-1-0-mm-muc-den-p-PRI1160817?offer=PRI1160817_N5X,PRI1160817,0,0,0,0,0
adayroi.com,https://www.adayroi.com/bo-50-but-ky-stabilo-bl-ck-blkm-50-gn-1-0-mm-muc-xanh-la-p-PRI1160819?offer=PRI1160819_N5X,PRI1160819,0,0,0,0,0
adayroi.com,https://www.adayroi.com/bo-50-but-ky-stabilo-bl-ck-blkf-ngoi-bi-0-5mm-mau-den-p-PRI1160593?offer=PRI1160593_N5X,PRI1160593,0,0,0,0,0
adayroi.com,https://www.adayroi.com/bo-50-cay-but-bi-muc-gel-stabilo-palette-gp268xf-0-35mm-do-p-PRI1183917?offer=PRI1183917_N5X,PRI1183917,0,0,0,0,0
adayroi.com,https://www.adayroi.com/bo-50-cay-but-bi-muc-gel-stabilo-palette-gp268xf-50-bu-0-5mm-muc-xanh-p-PRI1189026?offer=PRI1189026_N5X,PRI1189026,0,0,0,0,0
adayroi.com,https://www.adayroi.com/bo-50-but-ky-stabilo-bl-ck-blkf-ngoi-bi-0-7mm-mau-xanh-la-p-PRI1160595?offer=PRI1160595_N5X,PRI1160595,0,0,0,0,0
adayroi.com,https://www.adayroi.com/bo-50-but-ky-stabilo-bl-ck-blkf-ngoi-bi-0-7mm-mau-do-p-PRI1160596?offer=PRI1160596_N5X,PRI1160596,0,0,0,0,0
adayroi.com,https://www.adayroi.com/hop-50-but-muc-gel-stabilo-palette-gp268xf-0-5mm-mau-xanh-la-muc-den-p-PRI1178725?offer=PRI1178725_N5X,PRI1178725,0,0,0,0,0
adayroi.com,https://www.adayroi.com/bo-50-but-ky-thuat-dau-kim-stabilo-sensor-f-mau-do-p-PRI1178500?offer=PRI1178500_N5X,PRI1178500,0,0,0,0,0
adayroi.com,https://www.adayroi.com/bo-50-but-ky-thuat-dau-kim-stabilo-sensor-f-mau-den-p-PRI1176282?offer=PRI1176282_N5X,PRI1176282,0,0,0,0,0
adayroi.com,https://www.adayroi.com/bo-50-cay-but-ky-thuat-stabilo-write-4-all-ap166s-muc-den-p-PRI1185975?offer=PRI1185975_N5X,PRI1185975,0,0,0,0,0
adayroi.com,https://www.adayroi.com/but-ky-thuat-stabilo-write-4-all-ap146m-1-0-mm-hop-50-cay-xanh-duong-p-PRI1137882?offer=PRI1137882_N5X,PRI1137882,0,0,0,0,0
adayroi.com,https://www.adayroi.com/bo-50-cay-but-ky-thuat-stabilo-write-4-all-ap166s-muc-do-p-PRI1185973?offer=PRI1185973_N5X,PRI1185973,0,0,0,0,0
adayroi.com,https://www.adayroi.com/but-ky-thuat-stabilo-write-4-all-ap146m-1-0-mm-hop-50-cay-do-p-PRI1137881?offer=PRI1137881_N5X,PRI1137881,0,0,0,0,0
adayroi.com,https://www.adayroi.com/but-chi-bam-stabilo-exam-grade-mp9883-2-0mm-bo-50-cay-p-PRI1160017?offer=PRI1160017_N5X,PRI1160017,0,0,0,0,0
adayroi.com,https://www.adayroi.com/bo-50-but-ky-thuat-stabilo-write-4-all-ap156f-0-7mm-den-p-PRI1137709?offer=PRI1137709_N5X,PRI1137709,0,0,0,0,0
adayroi.com,https://www.adayroi.com/bo-50-but-ky-thuat-stabilo-write-4-all-ap156f-0-7mm-xanh-la-cay-p-PRI1137706?offer=PRI1137706_N5X,PRI1137706,0,0,0,0,0
adayroi.com,https://www.adayroi.com/bo-50-but-ky-thuat-stabilo-write-4-all-ap156f-0-7mm-do-p-PRI1137707?offer=PRI1137707_N5X,PRI1137707,0,0,0,0,0
adayroi.com,https://www.adayroi.com/bo-50-but-ky-thuat-stabilo-write-4-all-ap156f-0-7mm-xanh-duong-p-PRI1137708?offer=PRI1137708_N5X,PRI1137708,0,0,0,0,0
adayroi.com,https://www.adayroi.com/but-ky-thuat-stabilo-write-4-all-ap146m-1-0-mm-hop-50-cay-xanh-la-cay-p-PRI1137880?offer=PRI1137880_N5X,PRI1137880,0,0,0,0,0
adayroi.com,https://www.adayroi.com/bo-50-but-bi-muc-gel-stabilo-palette-gp268f-0-4mm-do-p-PRI1183803?offer=PRI1183803_N5X,PRI1183803,0,0,0,0,0
adayroi.com,https://www.adayroi.com/bo-50-cay-but-ky-thuat-stabilo-write-4-all-ap166s-xanh-duong-p-PRI1185974?offer=PRI1185974_N5X,PRI1185974,0,0,0,0,0
adayroi.com,https://www.adayroi.com/bo-50-cay-but-ky-thuat-stabilo-write-4-all-ap166s-muc-xanh-la-cay-p-PRI1185972?offer=PRI1185972_N5X,PRI1185972,0,0,0,0,0
adayroi.com,https://www.adayroi.com/but-bi-parker-sonnet-vo-thep-cai-trang-muc-den-p-PRI1060653?offer=PRI1060653_M2I,PRI1060653,0,0,0,0,0
adayroi.com,https://www.adayroi.com/but-bi-cao-cap-lamy-pico-288-white-p-PRI472041?offer=PRI472041_MQS,PRI472041,0,0,0,0,0
adayroi.com,https://www.adayroi.com/bo-10-hop-but-chi-mau-nuoc-stabilo-aquacolor-clw1612m-c10-12-cay-hop-thiec-p-PRI1181570?offer=PRI1181570_N5X,PRI1181570,0,0,0,0,0
adayroi.com,https://www.adayroi.com/but-bi-gel-lamy-swift-black-331-muc-xanh-p-PRI567592?offer=PRI567592_MQS,PRI567592,0,0,0,0,0
adayroi.com,https://www.adayroi.com/but-bi-cao-cap-lamy-pico-288-imperial-blue-p-PRI472034?offer=PRI472034_MQS,PRI472034,0,0,0,0,0
adayroi.com,https://www.adayroi.com/but-bi-cao-cap-lamy-ballpoint-cp1-256-black-p-PRI470914?offer=PRI470914_MQS,PRI470914,0,0,0,0,0
adayroi.com,https://www.adayroi.com/but-bi-lamy-studio-slim-267-black-muc-den-p-PRI475950?offer=PRI475950_MQS,PRI475950,0,0,0,0,0
adayroi.com,https://www.adayroi.com/but-chi-lamy-cp-1-black-0-7-mm-p-PRI509311?offer=PRI509311_MQS,PRI509311,0,0,0,0,0
adayroi.com,https://www.adayroi.com/but-bi-cao-cap-lamy-pico-287-chrome-matt-p-PRI472010?offer=PRI472010_MQS,PRI472010,0,0,0,0,0
adayroi.com,https://www.adayroi.com/but-chi-bam-cao-cap-lamy-spirit-druckbleistifte-161-0-5-mm-p-PRI521753?offer=PRI521753_MQS,PRI521753,0,0,0,0,0
adayroi.com,https://www.adayroi.com/but-may-cao-cap-lamy-lx-hong-vang-ngoi-f-tang-1-ong-bom-muc-tri-gia-150-000d-mau-sac-ngau-nhien-p-PRI1047552?offer=PRI1047552_MQS,PRI1047552,0,0,0,0,0
adayroi.com,https://www.adayroi.com/but-bi-cao-cap-lamy-ballpoint-2000-201-black-makrolon-p-PRI468980?offer=PRI468980_MQS,PRI468980,0,0,0,0,0
adayroi.com,https://www.adayroi.com/but-may-cao-cap-lamy-lx-hong-vang-ngoi-ef-tang-1-ong-bom-muc-tri-gia-150-000d-mau-sac-ngau-nhien-p-PRI1047549?offer=PRI1047549_MQS,PRI1047549,0,0,0,0,0
adayroi.com,https://www.adayroi.com/but-muc-cao-cap-lamy-cp1-black-ngoi-ef-tang-1-ong-bom-muc-tri-gia-150-000d-mau-sac-ngau-nhien-p-PRI565091?offer=PRI565091_MQS,PRI565091,0,0,0,0,0
adayroi.com,https://www.adayroi.com/but-bi-lamy-logo-twin-pen-606-2-loai-ngoi-p-PRI563975?offer=PRI563975_MQS,PRI563975,0,0,0,0,0
adayroi.com,https://www.adayroi.com/but-bi-cao-cap-lamy-pico-289-chrome-shiny-p-PRI472043?offer=PRI472043_MQS,PRI472043,0,0,0,0,0
adayroi.com,https://www.adayroi.com/but-bi-lamy-st-twin-pen-645-2-loai-ngoi-p-PRI564207?offer=PRI564207_MQS,PRI564207,0,0,0,0,0
adayroi.com,https://www.adayroi.com/but-chi-bam-cao-cap-lamy-scribble-druckbleistifte-185-0-7-mm-p-PRI521740?offer=PRI521740_MQS,PRI521740,0,0,0,0,0
adayroi.com,https://www.adayroi.com/but-chi-bam-cao-cap-lamy-scribble-druckbleistifte-185-3-15-mm-p-PRI521747?offer=PRI521747_MQS,PRI521747,0,0,0,0,0
adayroi.com,https://www.adayroi.com/but-bi-gel-lamy-swift-imperial-blue-334-muc-xanh-p-PRI567622?offer=PRI567622_MQS,PRI567622,0,0,0,0,0
adayroi.com,https://www.adayroi.com/but-bi-lamy-studio-slim-265-steel-brushed-muc-den-p-PRI475736?offer=PRI475736_MQS,PRI475736,0,0,0,0,0
adayroi.com,https://www.adayroi.com/but-may-lamy-st-045-ngoi-m-tang-1-ong-bom-muc-tri-gia-150-000d-mau-sac-ngau-nhien-p-PRI569555?offer=PRI569555_MQS,PRI569555,0,0,0,0,0
adayroi.com,https://www.adayroi.com/but-may-cao-cap-lamy-lx-hong-vang-ngoi-m-tang-1-ong-bom-muc-tri-gia-150-000d-mau-sac-ngau-nhien-p-PRI1047511?offer=PRI1047511_MQS,PRI1047511,0,0,0,0,0
adayroi.com,https://www.adayroi.com/but-may-cao-cap-lamy-lx-xam-ngoi-f-tang-1-ong-bom-muc-tri-gia-150-000d-mau-sac-ngau-nhien-p-PRI1047605?offer=PRI1047605_MQS,PRI1047605,0,0,0,0,0
adayroi.com,https://www.adayroi.com/but-may-cao-cap-lamy-lx-xam-ngoi-ef-tang-1-ong-bom-muc-tri-gia-150-000d-mau-sac-ngau-nhien-p-PRI1047626?offer=PRI1047626_MQS,PRI1047626,0,0,0,0,0
adayroi.com,https://www.adayroi.com/but-bi-lamy-studio-slim-imperial-blue-267-muc-den-p-PRI476013?offer=PRI476013_MQS,PRI476013,0,0,0,0,0
adayroi.com,https://www.adayroi.com/but-bi-lamy-scribble-285-muc-den-p-PRI474489?offer=PRI474489_MQS,PRI474489,0,0,0,0,0
adayroi.com,https://www.adayroi.com/but-may-cao-cap-lamy-lx-xam-ngoi-m-tang-1-ong-bom-muc-tri-gia-150-000d-mau-sac-ngau-nhien-p-PRI1047489?offer=PRI1047489_MQS,PRI1047489,0,0,0,0,0
adayroi.com,https://www.adayroi.com/but-bi-cao-cap-lamy-pico-288-red-p-PRI472038?offer=PRI472038_MQS,PRI472038,0,0,0,0,0
adayroi.com,https://www.adayroi.com/but-bi-lamy-logo-black-405-3-mau-muc-p-PRI563888?offer=PRI563888_MQS,PRI563888,0,0,0,0,0
adayroi.com,https://www.adayroi.com/but-bi-cao-cap-lamy-ballpoint-cp1-259-steel-p-PRI471158?offer=PRI471158_MQS,PRI471158,0,0,0,0,0
adayroi.com,https://www.adayroi.com/but-may-lamy-st-045-ngoi-f-tang-1-ong-bom-muc-tri-gia-150-000d-mau-sac-ngau-nhien-p-PRI569553?offer=PRI569553_MQS,PRI569553,0,0,0,0,0
adayroi.com,https://www.adayroi.com/but-bi-lamy-cp1-656-2-loai-ngoi-tang-1-ong-bom-muc-tri-gia-150-000d-mau-sac-ngau-nhien-p-PRI563335?offer=PRI563335_MQS,PRI563335,0,0,0,0,0
adayroi.com,https://www.adayroi.com/but-bi-cao-cap-lamy-pico-288-black-p-PRI472030?offer=PRI472030_MQS,PRI472030,0,0,0,0,0
adayroi.com,https://www.adayroi.com/bo-cat-bang-dinh-panfix-p-PRI820999?offer=PRI820999_CKZ,PRI820999,0,0,0,0,0
adayroi.com,https://www.adayroi.com/bo-10-hop-but-chi-mau-stabilo-swans-cls1878-36-c10-36-cay-hop-p-PRI1181455?offer=PRI1181455_N5X,PRI1181455,0,0,0,0,0
adayroi.com,https://www.adayroi.com/but-da-bi-waterman-hemisphere-10-vo-thep-cai-trang-muc-xanh-p-PRI462311?offer=PRI462311_M2I,PRI462311,0,0,0,0,0
adayroi.com,https://www.adayroi.com/but-da-bi-waterman-hemisphere-10-vo-thep-cai-trang-muc-den-p-PRI1058748?offer=PRI1058748_M2I,PRI1058748,0,0,0,0,0
adayroi.com,https://www.adayroi.com/but-da-bi-waterman-hemisphere-10-vo-thep-cai-vang-muc-den-p-PRI1058702?offer=PRI1058702_M2I,PRI1058702,0,0,0,0,0
adayroi.com,https://www.adayroi.com/bo-5-hop-but-chi-mau-nuoc-stabilo-aquacolor-clw1624m-hop-thiec-24-cay-hop-p-PRI1190084?offer=PRI1190084_N5X,PRI1190084,0,0,0,0,0
adayroi.com,https://www.adayroi.com/combo-5-hop-but-chi-mau-da-nang-stabilo-carbothello-clc1412m-hop-sat-12-mau-%E2%80%8B%E2%80%8B-p-PRI1168809?offer=PRI1168809_N5X,PRI1168809,0,0,0,0,0
adayroi.com,https://www.adayroi.com/10-bo-but-long-mau-stabilo-pen-68-pn68-1mm-10-cay-bo-p-PRI1178023?offer=PRI1178023_N5X,PRI1178023,0,0,0,0,0
adayroi.com,https://www.adayroi.com/but-chi-mau-da-nang-stabilo-carbothello-clc1460m-60-mau-hop-%E2%80%8B%E2%80%8B-p-PRI723265?offer=PRI723265_N5X,PRI723265,0,0,0,0,0
adayroi.com,https://www.adayroi.com/but-bi-waterman-hemisphere-10-black-cai-trang-muc-xanh-p-PRI460956?offer=PRI460956_MQG,PRI460956,0,0,0,0,0
adayroi.com,https://www.adayroi.com/but-may-cao-cap-waterman-hemisphere-10-stainless-steel-gold-trim-ngoi-m-p-PRI620299?offer=PRI620299_MQG,PRI620299,0,0,0,0,0
adayroi.com,https://www.adayroi.com/but-may-cao-cap-waterman-hemisphere-10-stainless-steel-chrome-trim-ngoi-f-p-PRI620307?offer=PRI620307_MQG,PRI620307,0,0,0,0,0
adayroi.com,https://www.adayroi.com/but-may-cao-cap-waterman-hemisphere-10-stainless-steel-chrome-trim-ngoi-m-p-PRI620311?offer=PRI620311_MQG,PRI620311,0,0,0,0,0
adayroi.com,https://www.adayroi.com/but-bi-waterman-hemisphere-10-matte-black-cai-trang-muc-xanh-p-PRI461828?offer=PRI461828_MQG,PRI461828,0,0,0,0,0
adayroi.com,https://www.adayroi.com/bo-10-vi-but-long-stabilo-power-pw280-24-cay-vi-p-PRI1176065?offer=PRI1176065_N5X,PRI1176065,0,0,0,0,0
adayroi.com,https://www.adayroi.com/hop-60-but-chi-mau-polychromos-faber-castell-hop-thiec-p-PRI1232369?offer=PRI1232369_PE4,PRI1232369,0,0,0,0,0
adayroi.com,https://www.adayroi.com/hop-48-but-co-india-ink-pitt-artist-faber-castell-167148-p-PRI1244013?offer=PRI1244013_PE4,PRI1244013,0,0,0,0,0
adayroi.com,https://www.adayroi.com/bo-5-hop-but-long-mau-stabilo-pen-68-pn68-1mm-20-cay-hop-p-PRI1178112?offer=PRI1178112_N5X,PRI1178112,0,0,0,0,0
adayroi.com,https://www.adayroi.com/bo-10-cay-but-long-kim-stabilo-point-88-0-4mm-nhieu-mau-p-PRI1175509?offer=PRI1175509_N5X,PRI1175509,0,0,0,0,0
adayroi.com,https://www.adayroi.com/bo-10-hop-but-chi-mau-stabilo-swans-premium-edition-3-8mm-clp1868-36-hop-36-but-p-PRI1180334?offer=PRI1180334_N5X,PRI1180334,0,0,0,0,0
adayroi.com,https://www.adayroi.com/bo-but-muc-lamy-joy-set-15-p-PRI568047?offer=PRI568047_MQS,PRI568047,0,0,0,0,0
adayroi.com,https://www.adayroi.com/but-chi-bam-lamy-2000-101-0-5-mm-p-PRI476083?offer=PRI476083_MQS,PRI476083,0,0,0,0,0
adayroi.com,https://www.adayroi.com/but-da-parker-sonnet-vo-thep-cai-trang-muc-xanh-p-PRI463420?offer=PRI463420_MQG,PRI463420,0,0,0,0,0
adayroi.com,https://www.adayroi.com/but-da-parker-sonnet-vo-thep-cai-vang-muc-xanh-p-PRI463239?offer=PRI463239_MQG,PRI463239,0,0,0,0,0
adayroi.com,https://www.adayroi.com/combo-10-hop-but-chi-mau-stabilo-jumbo-clj1879-24-cay-hop-p-PRI1177571?offer=PRI1177571_N5X,PRI1177571,0,0,0,0,0
adayroi.com,https://www.adayroi.com/but-long-bi-cao-cap-waterman-hemisphere-10-black-gold-trim-ngoi-f-muc-den-p-PRI620502?offer=PRI620502_MQG,PRI620502,0,0,0,0,0
adayroi.com,https://www.adayroi.com/but-da-waterman-hemisphere-10-matte-black-cai-vang-muc-xanh-p-PRI461183?offer=PRI461183_MQG,PRI461183,0,0,0,0,0
adayroi.com,https://www.adayroi.com/combo-10-bo-but-chi-mau-stabilo-trio-thick-cl203-15-cay-hop-p-PRI1168572?offer=PRI1168572_N5X,PRI1168572,0,0,0,0,0
adayroi.com,https://www.adayroi.com/but-da-parker-sonnet-vo-thep-cai-vang-muc-den-p-PRI1060593?offer=PRI1060593_M2I,PRI1060593,0,0,0,0,0
adayroi.com,https://www.adayroi.com/but-da-parker-sonnet-vo-thep-cai-trang-muc-den-p-PRI1060635?offer=PRI1060635_M2I,PRI1060635,0,0,0,0,0
adayroi.com,https://www.adayroi.com/bo-5-hop-but-long-mau-stabilo-pen-68-pn68-1mm-hop-thiec-20-cay-hop-p-PRI1178113?offer=PRI1178113_N5X,PRI1178113,0,0,0,0,0
adayroi.com,https://www.adayroi.com/but-da-waterman-hemisphere-10-matte-black-cai-trang-p-PRI461706?offer=PRI461706_MQG,PRI461706,0,0,0,0,0
adayroi.com,https://www.adayroi.com/but-bi-waterman-hemisphere-10-deluxe-silky-cai-trang-muc-den-p-PRI1058793?offer=PRI1058793_M2I,PRI1058793,0,0,0,0,0
adayroi.com,https://www.adayroi.com/but-bi-waterman-hemisphere-10-deluxe-silky-cai-trang-muc-xanh-p-PRI462432?offer=PRI462432_M2I,PRI462432,0,0,0,0,0
adayroi.com,https://www.adayroi.com/but-bi-gel-lamy-studio-black-367-muc-den-p-PRI564761?offer=PRI564761_MQS,PRI564761,0,0,0,0,0
adayroi.com,https://www.adayroi.com/but-bi-lamy-cp1-759-3-loai-ngoi-p-PRI563253?offer=PRI563253_MQS,PRI563253,0,0,0,0,0
adayroi.com,https://www.adayroi.com/but-may-cao-cap-lamy-stainless-steel%E2%80%8B-ngoi-f-tang-1-ong-bom-muc-tri-gia-150-000d-mau-sac-ngau-nhien-p-PRI570330?offer=PRI570330_MQS,PRI570330,0,0,0,0,0
adayroi.com,https://www.adayroi.com/but-may-cao-cap-lamy-stainless-steel%E2%80%8B-ngoi-ef-tang-1-ong-bom-muc-tri-gia-150-000d-mau-sac-ngau-nhien-p-PRI570337?offer=PRI570337_MQS,PRI570337,0,0,0,0,0
adayroi.com,https://www.adayroi.com/but-bi-gel-lamy-studio-imperial-blue-367-muc-den-p-PRI564824?offer=PRI564824_MQS,PRI564824,0,0,0,0,0
adayroi.com,https://www.adayroi.com/but-bi-lamy-st-tri-pen-746-3-loai-ngoi-p-PRI564149?offer=PRI564149_MQS,PRI564149,0,0,0,0,0
adayroi.com,https://www.adayroi.com/but-may-cao-cap-lamy-stainless-steel%E2%80%8B-ngoi-m-tang-1-ong-bom-muc-tri-gia-150-000d-mau-sac-ngau-nhien-p-PRI570348?offer=PRI570348_MQS,PRI570348,0,0,0,0,0
adayroi.com,https://www.adayroi.com/bo-but-muc-cao-cap-lamy-joy-al-set-11-p-PRI568088?offer=PRI568088_MQS,PRI568088,0,0,0,0,0
adayroi.com,https://www.adayroi.com/but-bi-lamy-st-tri-pen-745-3-loai-ngoi-p-PRI564083?offer=PRI564083_MQS,PRI564083,0,0,0,0,0
adayroi.com,https://www.adayroi.com/but-bi-gel-lamy-studio-steel-brushed-365-muc-den-p-PRI564863?offer=PRI564863_MQS,PRI564863,0,0,0,0,0
adayroi.com,https://www.adayroi.com/bo-10-hop-but-chi-mau-stabilo-swans-cls1876-48-hop-giay-48-but-p-PRI1180425?offer=PRI1180425_N5X,PRI1180425,0,0,0,0,0
adayroi.com,https://www.adayroi.com/but-bi-cao-cap-parker-sonnet-07-black-chrome-trim-ngoi-m-muc-den-p-PRI624784?offer=PRI624784_MQG,PRI624784,0,0,0,0,0
adayroi.com,https://www.adayroi.com/but-bi-cao-cap-parker-sonnet-07-matte-black-chrome-trim-ngoi-m-muc-den-p-PRI625369?offer=PRI625369_MQG,PRI625369,0,0,0,0,0
adayroi.com,https://www.adayroi.com/but-bi-cao-cap-parker-sonnet-07-matte-black-gold-trim-ngoi-m-muc-den-p-PRI625316?offer=PRI625316_MQG,PRI625316,0,0,0,0,0
adayroi.com,https://www.adayroi.com/but-bi-cao-cap-parker-sonnet-07-black-gold-trim-ngoi-m-muc-den-p-PRI624688?offer=PRI624688_MQG,PRI624688,0,0,0,0,0
adayroi.com,https://www.adayroi.com/bo-5-hop-but-long-kim-stabilo-point-88-0-4mm-20-cay-hop-p-PRI1175608?offer=PRI1175608_N5X,PRI1175608,0,0,0,0,0
adayroi.com,https://www.adayroi.com/bo-10-hop-but-chi-mau-nuoc-stabilo-aquacolor-clw1624b-24-cay-hop-p-PRI1190081?offer=PRI1190081_N5X,PRI1190081,0,0,0,0,0
adayroi.com,https://www.adayroi.com/but-bi-parker-sonnet-mate-black-cai-trang-muc-xanh-p-PRI463879?offer=PRI463879_M2I,PRI463879,0,0,0,0,0
adayroi.com,https://www.adayroi.com/but-bi-parker-sonnet-laque-black-cai-trang-muc-den-p-PRI1059567?offer=PRI1059567_M2I,PRI1059567,0,0,0,0,0
adayroi.com,https://www.adayroi.com/but-bi-parker-sonnet-mate-black-cai-trang-muc-den-p-PRI1061274?offer=PRI1061274_M2I,PRI1061274,0,0,0,0,0
adayroi.com,https://www.adayroi.com/but-may-cao-cap-waterman-hemisphere-10-matte-black-chrome-trim-ngoi-m-p-PRI620163?offer=PRI620163_MQG,PRI620163,0,0,0,0,0
adayroi.com,https://www.adayroi.com/but-may-waterman-hemisphere-10-black-chrome-trim-ngoi-m-p-PRI620008?offer=PRI620008_MQG,PRI620008,0,0,0,0,0
adayroi.com,https://www.adayroi.com/but-may-waterman-hemisphere-10-white-chrome-trim-ngoi-f-p-PRI620120?offer=PRI620120_MQG,PRI620120,0,0,0,0,0
adayroi.com,https://www.adayroi.com/but-may-waterman-hemisphere-10-black-golden-trim-ngoi-m-p-PRI620095?offer=PRI620095_MQG,PRI620095,0,0,0,0,0
adayroi.com,https://www.adayroi.com/but-may-waterman-hemisphere-10-white-chrome-trim-ngoi-m-p-PRI620129?offer=PRI620129_MQG,PRI620129,0,0,0,0,0
adayroi.com,https://www.adayroi.com/but-may-waterman-hemisphere-10-matte-black-cai-vang-ngoi-f-p-PRI620200?offer=PRI620200_MQG,PRI620200,0,0,0,0,0
adayroi.com,https://www.adayroi.com/combo-10-bo-but-chi-mau-stabilo-trio-thick-cl203-18-cay-vi-p-PRI1168599?offer=PRI1168599_N5X,PRI1168599,0,0,0,0,0
adayroi.com,https://www.adayroi.com/bo-10-vi-but-long-stabilo-power-pw280-30-cay-vi-p-PRI1176094?offer=PRI1176094_N5X,PRI1176094,0,0,0,0,0
adayroi.com,https://www.adayroi.com/but-may-waterman-hemisphere-10-white-chrome-trim-p-PRI461917?offer=PRI461917_M2I,PRI461917,0,0,0,0,0
adayroi.com,https://www.adayroi.com/but-may-waterman-hemisphere-10-matte-black-chrome-trim-p-PRI461537?offer=PRI461537_M2I,PRI461537,0,0,0,0,0
adayroi.com,https://www.adayroi.com/but-bi-lamy-2000-401-4-mau-muc-p-PRI562802?offer=PRI562802_MQS,PRI562802,0,0,0,0,0
adayroi.com,https://www.adayroi.com/but-may-cao-cap-lamy-accent-al-kw-ngoi-ef-tang-1-ong-bom-muc-tri-gia-150-000d-mau-sac-ngau-nhien-p-PRI564625?offer=PRI564625_MQS,PRI564625,0,0,0,0,0
adayroi.com,https://www.adayroi.com/but-may-cao-cap-lamy-accent-al-kw-ngoi-f-tang-1-ong-bom-muc-tri-gia-150-000d-mau-sac-ngau-nhien-p-PRI564621?offer=PRI564621_MQS,PRI564621,0,0,0,0,0
adayroi.com,https://www.adayroi.com/but-bi-waterman-expert-3-vo-thep-cai-trang-muc-xanh-p-PRI461078?offer=PRI461078_MQG,PRI461078,0,0,0,0,0
adayroi.com,https://www.adayroi.com/but-bi-waterman-expert-3-vo-thep-cai-trang-muc-den-p-PRI1058319?offer=PRI1058319_M2I,PRI1058319,0,0,0,0,0
adayroi.com,https://www.adayroi.com/but-bi-waterman-expert-3-vo-thep-cai-vang-muc-den-p-PRI1058289?offer=PRI1058289_M2I,PRI1058289,0,0,0,0,0
adayroi.com,https://www.adayroi.com/but-bi-waterman-expert-3-vo-thep-cai-vang-muc-xanh-p-PRI460921?offer=PRI460921_MQG,PRI460921,0,0,0,0,0
adayroi.com,https://www.adayroi.com/5-cuon-but-long-mau-stabilo-pen-68-pn68-1mm-25-cay-cuon-vai-p-PRI1178116?offer=PRI1178116_N5X,PRI1178116,0,0,0,0,0
adayroi.com,https://www.adayroi.com/bo-5-hop-but-chi-mau-nuoc-stabilo-aquacolor-clw1636m-hop-thiec-36-cay-hop-p-PRI1190086?offer=PRI1190086_N5X,PRI1190086,0,0,0,0,0
adayroi.com,https://www.adayroi.com/but-bi-delta-vintage-red-cai-trang-p-PRI490400?offer=PRI490400_M2R,PRI490400,0,0,0,0,0
adayroi.com,https://www.adayroi.com/but-bi-parker-sonnet-11-metal-pearl-cai-trang-muc-xanh-p-PRI464202?offer=PRI464202_MQG,PRI464202,0,0,0,0,0
adayroi.com,https://www.adayroi.com/but-may-cao-cap-parker-sonnet-07-ss-chrome-trim-ngoi-m-p-PRI614124?offer=PRI614124_MQG,PRI614124,0,0,0,0,0
adayroi.com,https://www.adayroi.com/but-da-parker-sonnet-laque-black-cai-trang-muc-xanh-p-PRI462738?offer=PRI462738_MQG,PRI462738,0,0,0,0,0
adayroi.com,https://www.adayroi.com/but-may-cao-cap-parker-sonnet-07-ss-gold-trim-ngoi-m-p-PRI614120?offer=PRI614120_MQG,PRI614120,0,0,0,0,0
adayroi.com,https://www.adayroi.com/but-da-parker-sonnet-mate-black-cai-trang-muc-xanh-p-PRI463829?offer=PRI463829_MQG,PRI463829,0,0,0,0,0
adayroi.com,https://www.adayroi.com/but-may-cao-cap-parker-sonnet-07-ss-gold-trim-ngoi-f-p-PRI614121?offer=PRI614121_MQG,PRI614121,0,0,0,0,0
adayroi.com,https://www.adayroi.com/but-may-cao-cap-parker-sonnet-07-ss-chrome-trim-ngoi-f-p-PRI614127?offer=PRI614127_MQG,PRI614127,0,0,0,0,0
adayroi.com,https://www.adayroi.com/but-bi-waterman-expert-3-matte-black-cai-trang-ngoi-m-muc-xanh-p-PRI619261?offer=PRI619261_MQG,PRI619261,0,0,0,0,0
adayroi.com,https://www.adayroi.com/but-may-parker-sonnet-vo-thep-cai-trang-p-PRI463351?offer=PRI463351_M2I,PRI463351,0,0,0,0,0
adayroi.com,https://www.adayroi.com/but-long-bi-parker-sonnet-07-matte-black-gold-trim-cai-vang-p-PRI1158745?offer=PRI1158745_M2I,PRI1158745,0,0,0,0,0
adayroi.com,https://www.adayroi.com/but-da-bi-waterman-expert-3-vo-thep-cai-vang-muc-xanh-p-PRI460790?offer=PRI460790_MQG,PRI460790,0,0,0,0,0
adayroi.com,https://www.adayroi.com/but-da-bi-waterman-expert-3-vo-thep-cai-trang-muc-xanh-p-PRI461050?offer=PRI461050_MQG,PRI461050,0,0,0,0,0
adayroi.com,https://www.adayroi.com/but-may-waterman-hemisphere-10-deluxe-black-cai-trang-p-PRI462224?offer=PRI462224_M2I,PRI462224,0,0,0,0,0
adayroi.com,https://www.adayroi.com/but-bi-waterman-expert-3-deep-brown-cai-trang-muc-den-p-PRI1058422?offer=PRI1058422_M2I,PRI1058422,0,0,0,0,0
adayroi.com,https://www.adayroi.com/but-da-bi-waterman-expert-3-vo-thep-cai-vang-muc-den-p-PRI1058216?offer=PRI1058216_M2I,PRI1058216,0,0,0,0,0
adayroi.com,https://www.adayroi.com/but-da-bi-waterman-expert-3-vo-thep-cai-trang-muc-den-p-PRI1058314?offer=PRI1058314_M2I,PRI1058314,0,0,0,0,0
adayroi.com,https://www.adayroi.com/but-may-waterman-hemisphere-10-deluxe-metal-cai-trang-p-PRI462068?offer=PRI462068_MQG,PRI462068,0,0,0,0,0
adayroi.com,https://www.adayroi.com/but-da-bi-waterman-expert-3-matte-black-cai-trang-muc-xanh-p-PRI460492?offer=PRI460492_MQG,PRI460492,0,0,0,0,0
adayroi.com,https://www.adayroi.com/but-bi-delta-virtuosa-blue-cai-trang-p-PRI490335?offer=PRI490335_M2R,PRI490335,0,0,0,0,0
adayroi.com,https://www.adayroi.com/but-da-bi-waterman-expert-3-deep-brown-cai-trang-muc-den-p-PRI1058352?offer=PRI1058352_M2I,PRI1058352,0,0,0,0,0
adayroi.com,https://www.adayroi.com/but-da-waterman-expert-3-laque-black-cai-trang-muc-den-p-PRI1058772?offer=PRI1058772_M2I,PRI1058772,0,0,0,0,0
adayroi.com,https://www.adayroi.com/but-da-waterman-expert-3-laque-black-cai-vang-muc-xanh-p-PRI462173?offer=PRI462173_M2I,PRI462173,0,0,0,0,0
adayroi.com,https://www.adayroi.com/but-da-delta-vintage-white-cai-trang-p-PRI490346?offer=PRI490346_M2R,PRI490346,0,0,0,0,0
adayroi.com,https://www.adayroi.com/but-da-delta-vintage-red-cai-trang-p-PRI490422?offer=PRI490422_M2R,PRI490422,0,0,0,0,0
adayroi.com,https://www.adayroi.com/but-da-delta-vintage-black-cai-trang-p-PRI490427?offer=PRI490427_M2R,PRI490427,0,0,0,0,0
adayroi.com,https://www.adayroi.com/but-da-delta-vintage-blue-cai-trang-p-PRI490353?offer=PRI490353_M2R,PRI490353,0,0,0,0,0
adayroi.com,https://www.adayroi.com/but-bi-waterman-expert-3-deluxe-black-cai-trang-muc-xanh-p-PRI461874?offer=PRI461874_MQG,PRI461874,0,0,0,0,0
adayroi.com,https://www.adayroi.com/but-bi-waterman-expert-3-deluxe-white-cai-trang-muc-xanh-p-PRI462002?offer=PRI462002_MQG,PRI462002,0,0,0,0,0
adayroi.com,https://www.adayroi.com/but-da-parker-sonnet-11-metal-pearl-cai-trang-muc-xanh-p-PRI464160?offer=PRI464160_MQG,PRI464160,0,0,0,0,0
adayroi.com,https://www.adayroi.com/bo-bang-dinh-trang-tri-petit-joie-p-PRI821362?offer=PRI821362_CKZ,PRI821362,0,0,0,0,0
adayroi.com,https://www.adayroi.com/but-bi-waterman-expert-3-deluxe-white-cai-trang-muc-den-p-PRI1058648?offer=PRI1058648_M2I,PRI1058648,0,0,0,0,0
adayroi.com,https://www.adayroi.com/5-hop-but-long-stabilo-pen-68-pn6830m-c5-30-cay-hop-p-PRI1177655?offer=PRI1177655_N5X,PRI1177655,0,0,0,0,0
adayroi.com,https://www.adayroi.com/bo-10-hop-but-chi-mau-nuoc-stabilo-aquacolor-clw1624m-hop-thiec-24-cay-hop-p-PRI1190083?offer=PRI1190083_N5X,PRI1190083,0,0,0,0,0
adayroi.com,https://www.adayroi.com/but-may-waterman-expert-3-stainless-steel-cai-vang-ngoi-f-p-PRI618803?offer=PRI618803_MQG,PRI618803,0,0,0,0,0
adayroi.com,https://www.adayroi.com/but-may-waterman-expert-3-stainless-steel-cai-vang-ngoi-m-p-PRI618817?offer=PRI618817_MQG,PRI618817,0,0,0,0,0
adayroi.com,https://www.adayroi.com/but-may-waterman-expert-3-stainless-steel-cai-trang-ngoi-f-p-PRI618835?offer=PRI618835_MQG,PRI618835,0,0,0,0,0
adayroi.com,https://www.adayroi.com/but-may-waterman-expert-3-stainless-steel-cai-trang-ngoi-m-p-PRI618923?offer=PRI618923_MQG,PRI618923,0,0,0,0,0
adayroi.com,https://www.adayroi.com/but-bi-lamy-scala-black-280-muc-den-p-PRI474417?offer=PRI474417_MQS,PRI474417,0,0,0,0,0
adayroi.com,https://www.adayroi.com/but-bi-gel-lamy-2000-301-muc-den-p-PRI564215?offer=PRI564215_MQS,PRI564215,0,0,0,0,0
adayroi.com,https://www.adayroi.com/but-bi-lamy-scala-brushed-251-muc-den-p-PRI474432?offer=PRI474432_MQS,PRI474432,0,0,0,0,0
adayroi.com,https://www.adayroi.com/bo-5-vi-but-long-kim-stabilo-point-88-0-4mm-30-cay-vi-p-PRI1175651?offer=PRI1175651_N5X,PRI1175651,0,0,0,0,0
adayroi.com,https://www.adayroi.com/but-may-cao-cap-parker-sonnet-07-black-chrome-trim-ngoi-m-p-PRI613495?offer=PRI613495_MQG,PRI613495,0,0,0,0,0
adayroi.com,https://www.adayroi.com/but-may-cao-cap-parker-sonnet-07-black-chrome-trim-ngoi-f-p-PRI613497?offer=PRI613497_MQG,PRI613497,0,0,0,0,0
adayroi.com,https://www.adayroi.com/but-may-cao-cap-parker-sonnet-07-matte-black-chrome-trim-ngoi-m-p-PRI614095?offer=PRI614095_MQG,PRI614095,0,0,0,0,0
adayroi.com,https://www.adayroi.com/but-may-cao-cap-parker-sonnet-07-matte-black-gold-trim-ngoi-m-p-PRI614105?offer=PRI614105_MQG,PRI614105,0,0,0,0,0
adayroi.com,https://www.adayroi.com/but-may-cao-cap-parker-sonnet-07-black-gold-trim-ngoi-f-p-PRI613494?offer=PRI613494_MQG,PRI613494,0,0,0,0,0
adayroi.com,https://www.adayroi.com/combo-10-hop-but-chi-mau-da-nang-stabilo-carbothello-clc1412m-hop-sat-12-mau-%E2%80%8B%E2%80%8B-p-PRI1168808?offer=PRI1168808_N5X,PRI1168808,0,0,0,0,0
adayroi.com,https://www.adayroi.com/but-may-waterman-expert-3-vo-thep-cai-vang-p-PRI460668?offer=PRI460668_M2I,PRI460668,0,0,0,0,0
adayroi.com,https://www.adayroi.com/but-may-waterman-expert-3-vo-thep-cai-trang-p-PRI460965?offer=PRI460965_M2I,PRI460965,0,0,0,0,0
adayroi.com,https://www.adayroi.com/bo-5-cuon-but-long-kim-stabilo-point-88-0-4mm-30-cay-cuon-p-PRI1175657?offer=PRI1175657_N5X,PRI1175657,0,0,0,0,0
adayroi.com,https://www.adayroi.com/but-chi-mau-da-nang-stabilo-carbothello-clc1460w-hop-60-mau-hop-go-%E2%80%8B%E2%80%8B-p-PRI723651?offer=PRI723651_N5X,PRI723651,0,0,0,0,0
adayroi.com,https://www.adayroi.com/but-may-parker-sonnet-07-laque-black-cai-vang-p-PRI464471?offer=PRI464471_M2I,PRI464471,0,0,0,0,0
adayroi.com,https://www.adayroi.com/but-may-parker-sonnet-laque-black-cai-trang-p-PRI462699?offer=PRI462699_M2I,PRI462699,0,0,0,0,0
adayroi.com,https://www.adayroi.com/but-may-parker-sonnet-mate-black-cai-trang-p-PRI464680?offer=PRI464680_M2I,PRI464680,0,0,0,0,0
adayroi.com,https://www.adayroi.com/but-da-bi-waterman-expert-3-deluxe-white-cai-trang-muc-xanh-p-PRI461983?offer=PRI461983_MQG,PRI461983,0,0,0,0,0
adayroi.com,https://www.adayroi.com/but-may-delta-vintage-black-cai-trang-p-PRI505105?offer=PRI505105_M2R,PRI505105,0,0,0,0,0
adayroi.com,https://www.adayroi.com/but-may-delta-vintage-blue-cai-trang-p-PRI505195?offer=PRI505195_M2R,PRI505195,0,0,0,0,0
adayroi.com,https://www.adayroi.com/but-may-delta-vintage-red-cai-trang-p-PRI505170?offer=PRI505170_M2R,PRI505170,0,0,0,0,0
adayroi.com,https://www.adayroi.com/but-may-delta-vintage-white-cai-trang-p-PRI505267?offer=PRI505267_M2R,PRI505267,0,0,0,0,0
adayroi.com,https://www.adayroi.com/but-da-bi-waterman-expert-3-deluxe-white-cai-trang-muc-den-p-PRI1058639?offer=PRI1058639_M2I,PRI1058639,0,0,0,0,0
adayroi.com,https://www.adayroi.com/combo-5-hop-but-chi-mau-da-nang-stabilo-carbothello-clc1424m-hop-sat-24-mau-%E2%80%8B%E2%80%8B-p-PRI1168811?offer=PRI1168811_N5X,PRI1168811,0,0,0,0,0
adayroi.com,https://www.adayroi.com/but-may-waterman-expert-3-deluxe-brown-cai-trang-ngoi-m-p-PRI618573?offer=PRI618573_MQG,PRI618573,0,0,0,0,0
adayroi.com,https://www.adayroi.com/but-may-waterman-expert-3-laque-black-cai-vang-ngoi-f-p-PRI618622?offer=PRI618622_MQG,PRI618622,0,0,0,0,0
adayroi.com,https://www.adayroi.com/but-may-waterman-expert-3-deluxe-brown-cai-trang-ngoi-f-p-PRI618551?offer=PRI618551_MQG,PRI618551,0,0,0,0,0
adayroi.com,https://www.adayroi.com/but-may-waterman-expert-3-black-cai-trang-ngoi-m-p-PRI618786?offer=PRI618786_MQG,PRI618786,0,0,0,0,0
adayroi.com,https://www.adayroi.com/but-may-waterman-expert-3-laque-black-cai-vang-ngoi-m-p-PRI618629?offer=PRI618629_MQG,PRI618629,0,0,0,0,0
adayroi.com,https://www.adayroi.com/but-may-waterman-expert-3-black-cai-trang-ngoi-f-p-PRI619437?offer=PRI619437_MQG,PRI619437,0,0,0,0,0
adayroi.com,https://www.adayroi.com/but-da-delta-virtuosa-blue-cai-trang-p-PRI506727?offer=PRI506727_M2R,PRI506727,0,0,0,0,0
adayroi.com,https://www.adayroi.com/but-da-delta-virtuosa-ivory-cai-trang-p-PRI506281?offer=PRI506281_M2R,PRI506281,0,0,0,0,0
adayroi.com,https://www.adayroi.com/but-da-delta-virtuosa-black-cai-trang-p-PRI506099?offer=PRI506099_M2R,PRI506099,0,0,0,0,0
adayroi.com,https://www.adayroi.com/but-may-waterman-expert-3-laque-black-cai-trang-p-PRI462319?offer=PRI462319_M2I,PRI462319,0,0,0,0,0
adayroi.com,https://www.adayroi.com/but-may-waterman-expert-3-laque-black-cai-vang-p-PRI462127?offer=PRI462127_M2I,PRI462127,0,0,0,0,0
adayroi.com,https://www.adayroi.com/but-may-waterman-expert-3-deep-brown-cai-trang-p-PRI461172?offer=PRI461172_M2I,PRI461172,0,0,0,0,0
adayroi.com,https://www.adayroi.com/but-may-waterman-expert-3-matte-black-cai-trang-p-PRI460354?offer=PRI460354_MQG,PRI460354,0,0,0,0,0
adayroi.com,https://www.adayroi.com/but-may-waterman-expert-iii-deluxe-blue-obsession-ct-cai-trang-p-PRI1158214?offer=PRI1158214_M2I,PRI1158214,0,0,0,0,0
adayroi.com,https://www.adayroi.com/hop-120-but-chi-mau-polychrom-faber-castell-110011-hop-thiec-p-PRI1232389?offer=PRI1232389_PE4,PRI1232389,0,0,0,0,0
adayroi.com,https://www.adayroi.com/but-da-delta-journal-black-cai-trang-p-PRI507572?offer=PRI507572_M2R,PRI507572,0,0,0,0,0
adayroi.com,https://www.adayroi.com/but-da-delta-journal-olive-cai-trang-p-PRI507311?offer=PRI507311_M2R,PRI507311,0,0,0,0,0
adayroi.com,https://www.adayroi.com/but-may-delta-virtuosa-ivory-cai-trang-p-PRI506223?offer=PRI506223_M2R,PRI506223,0,0,0,0,0
adayroi.com,https://www.adayroi.com/but-da-delta-journal-blue-cai-trang-p-PRI507591?offer=PRI507591_M2R,PRI507591,0,0,0,0,0
adayroi.com,https://www.adayroi.com/but-may-delta-virtuosa-brown-horn-cai-trang-p-PRI506381?offer=PRI506381_M2R,PRI506381,0,0,0,0,0
adayroi.com,https://www.adayroi.com/but-may-delta-virtuosa-black-cai-trang-p-PRI505350?offer=PRI505350_M2R,PRI505350,0,0,0,0,0
adayroi.com,https://www.adayroi.com/but-long-bi-cao-cap-waterman-perspective-champagne-chrome-trim-ngoi-f-muc-den-p-PRI621235?offer=PRI621235_MQG,PRI621235,0,0,0,0,0
adayroi.com,https://www.adayroi.com/but-bi-gel-lamy-scala-brushed-351-muc-den-p-PRI564693?offer=PRI564693_MQS,PRI564693,0,0,0,0,0
adayroi.com,https://www.adayroi.com/but-bi-cao-cap-lamy-ballpoint-2000-203-blackwood-p-PRI469587?offer=PRI469587_MQS,PRI469587,0,0,0,0,0
adayroi.com,https://www.adayroi.com/but-bi-lamy-scala-ti-278-muc-den-p-PRI474453?offer=PRI474453_MQS,PRI474453,0,0,0,0,0
adayroi.com,https://www.adayroi.com/but-chi-bam-cao-cap-lamy-scala-black-180-0-7mm-p-PRI521714?offer=PRI521714_MQS,PRI521714,0,0,0,0,0
adayroi.com,https://www.adayroi.com/but-bi-gel-lamy-scala-black-380-muc-den-p-PRI564683?offer=PRI564683_MQS,PRI564683,0,0,0,0,0
adayroi.com,https://www.adayroi.com/but-bi-cao-cap-lamy-ballpoint-2000-203-taxus-p-PRI470010?offer=PRI470010_MQS,PRI470010,0,0,0,0,0
adayroi.com,https://www.adayroi.com/but-may-waterman-expert-3-deluxe-black-cai-trang-p-PRI461525?offer=PRI461525_M2I,PRI461525,0,0,0,0,0
adayroi.com,https://www.adayroi.com/but-may-waterman-expert-3-deluxe-white-cai-trang-p-PRI461927?offer=PRI461927_MQG,PRI461927,0,0,0,0,0
adayroi.com,https://www.adayroi.com/bo-5-hop-but-long-stabilo-pen-68-pn6840m-c5-40-cay-hop-thiec-p-PRI1177683?offer=PRI1177683_N5X,PRI1177683,0,0,0,0,0
adayroi.com,https://www.adayroi.com/but-may-delta-journal-black-cai-trang-p-PRI507370?offer=PRI507370_M2R,PRI507370,0,0,0,0,0
adayroi.com,https://www.adayroi.com/viet-long-bi-parker-ingenuity-l-black-rubber-chrome-trim-ngoi-m-muc-den-p-PRI609818?offer=PRI609818_MQG,PRI609818,0,0,0,0,0
adayroi.com,https://www.adayroi.com/but-da-parker-ingenuty-loai-nho-black-cai-trang-muc-xanh-p-PRI464252?offer=PRI464252_MQG,PRI464252,0,0,0,0,0
adayroi.com,https://www.adayroi.com/but-bi-aurora-talentum-black-cai-vang-d32n-p-PRI504354?offer=PRI504354_M2R,PRI504354,0,0,0,0,0
adayroi.com,https://www.adayroi.com/bo-10-hop-but-chi-mau-nuoc-stabilo-aquacolor-clw1636m-hop-thiec-36-cay-hop-p-PRI1190085?offer=PRI1190085_N5X,PRI1190085,0,0,0,0,0
adayroi.com,https://www.adayroi.com/but-chi-bam-cao-cap-lamy-scala-ti-178-0-7mm-p-PRI521728?offer=PRI521728_MQS,PRI521728,0,0,0,0,0
adayroi.com,https://www.adayroi.com/but-may-cao-cap-lamy-fountain-pen-2000-001-ngoi-ob-p-PRI563331?offer=PRI563331_MQS,PRI563331,0,0,0,0,0
adayroi.com,https://www.adayroi.com/but-bi-gel-lamy-scala-ti-378-muc-den-p-PRI564710?offer=PRI564710_MQS,PRI564710,0,0,0,0,0
adayroi.com,https://www.adayroi.com/but-may-cao-cap-lamy-fountain-pen-2000-001-ngoi-bb-p-PRI563427?offer=PRI563427_MQS,PRI563427,0,0,0,0,0
adayroi.com,https://www.adayroi.com/but-may-cao-cap-lamy-fountain-pen-2000-001-ngoi-om-p-PRI563385?offer=PRI563385_MQS,PRI563385,0,0,0,0,0
adayroi.com,https://www.adayroi.com/but-may-cao-cap-lamy-fountain-pen-2000-001-ngoi-b-p-PRI563320?offer=PRI563320_MQS,PRI563320,0,0,0,0,0
adayroi.com,https://www.adayroi.com/but-may-parker-sonnet-13-red-cai-vang-p-PRI463027?offer=PRI463027_M2I,PRI463027,0,0,0,0,0
adayroi.com,https://www.adayroi.com/but-bi-waterman-carene-essential-black-gold-cai-vang-muc-xanh-p-PRI461942?offer=PRI461942_MQG,PRI461942,0,0,0,0,0
adayroi.com,https://www.adayroi.com/combo-5-hop-but-chi-mau-da-nang-stabilo-carbothello-clc1436m-hop-sat-36-mau-%E2%80%8B%E2%80%8B-p-PRI1168813?offer=PRI1168813_N5X,PRI1168813,0,0,0,0,0
adayroi.com,https://www.adayroi.com/but-may-cao-cap-parker-sonnet-10-dark-grey-black-chrome-trim-ngoi-m-p-PRI625942?offer=PRI625942_MQG,PRI625942,0,0,0,0,0
adayroi.com,https://www.adayroi.com/but-may-cao-cap-parker-sonnet-11-pink-gold-chrome-trim-ngoi-m-p-PRI612562?offer=PRI612562_MQG,PRI612562,0,0,0,0,0
adayroi.com,https://www.adayroi.com/but-may-cao-cap-parker-sonnet-10-dark-grey-black-gold-trim-ngoi-f-p-PRI625948?offer=PRI625948_MQG,PRI625948,0,0,0,0,0
adayroi.com,https://www.adayroi.com/but-may-cao-cap-parker-sonnet-11-pink-gold-chrome-trim-ngoi-f-p-PRI612555?offer=PRI612555_MQG,PRI612555,0,0,0,0,0
adayroi.com,https://www.adayroi.com/but-may-cao-cap-parker-sonnet-11-metal-pearl-chrome-trim-ngoi-m-p-PRI612736?offer=PRI612736_MQG,PRI612736,0,0,0,0,0
adayroi.com,https://www.adayroi.com/but-may-cao-cap-parker-sonnet-10-dark-grey-black-gold-trim-ngoi-m-p-PRI625958?offer=PRI625958_MQG,PRI625958,0,0,0,0,0
adayroi.com,https://www.adayroi.com/bo-5-hop-but-long-stabilo-pen-68-pn6850m-c5-50-cay-hop-thiec-p-PRI1177696?offer=PRI1177696_N5X,PRI1177696,0,0,0,0,0
adayroi.com,https://www.adayroi.com/but-may-parker-sonnet-grey-black-cai-trang-p-PRI464022?offer=PRI464022_M2I,PRI464022,0,0,0,0,0
adayroi.com,https://www.adayroi.com/but-may-parker-sonnet-grey-black-cai-vang-p-PRI464243?offer=PRI464243_M2I,PRI464243,0,0,0,0,0
adayroi.com,https://www.adayroi.com/but-bi-cao-cap-lamy-ballpoint-dialog-1-274-p-PRI471524?offer=PRI471524_MQS,PRI471524,0,0,0,0,0
adayroi.com,https://www.adayroi.com/but-bi-cao-cap-lamy-ballpoint-2000-metal-202-titanium-p-PRI470556?offer=PRI470556_MQS,PRI470556,0,0,0,0,0
adayroi.com,https://www.adayroi.com/but-may-cao-cap-lamy-scala-ti-ngoi-f-tang-1-ong-bom-muc-tri-gia-150-000d-mau-sac-ngau-nhien-p-PRI569231?offer=PRI569231_MQS,PRI569231,0,0,0,0,0
adayroi.com,https://www.adayroi.com/but-chi-bam-cao-cap-lamy-2000-metal-102-p-PRI511403?offer=PRI511403_MQS,PRI511403,0,0,0,0,0
adayroi.com,https://www.adayroi.com/but-may-cao-cap-lamy-scala-ti-ngoi-m-tang-1-ong-bom-muc-tri-gia-150-000d-mau-sac-ngau-nhien-p-PRI569223?offer=PRI569223_MQS,PRI569223,0,0,0,0,0
adayroi.com,https://www.adayroi.com/but-bi-omas-special-edition-arte-italiana-art-deco-red-p-PRI468644?offer=PRI468644_M2R,PRI468644,0,0,0,0,0
adayroi.com,https://www.adayroi.com/but-may-parker-sonnet-13-brown-rubber-lacquer-cai-vang-p-PRI463227?offer=PRI463227_M2I,PRI463227,0,0,0,0,0
adayroi.com,https://www.adayroi.com/but-bi-parker-premier-09-black-cai-trang-muc-xanh-p-PRI463545?offer=PRI463545_MQG,PRI463545,0,0,0,0,0
adayroi.com,https://www.adayroi.com/bo-5-hop-thiec-but-long-kim-stabilo-point-88-0-4mm-50-cay-hop-p-PRI1175733?offer=PRI1175733_N5X,PRI1175733,0,0,0,0,0
adayroi.com,https://www.adayroi.com/but-bi-delta-dolcevita-fusion-orange-cai-bac-p-PRI505565?offer=PRI505565_M2R,PRI505565,0,0,0,0,0
adayroi.com,https://www.adayroi.com/but-da-omas-special-edition-arte-italiana-art-deco-black-p-PRI467935?offer=PRI467935_M2R,PRI467935,0,0,0,0,0
adayroi.com,https://www.adayroi.com/but-da-omas-special-edition-arte-italiana-art-deco-red-p-PRI467986?offer=PRI467986_M2R,PRI467986,0,0,0,0,0
adayroi.com,https://www.adayroi.com/but-bi-gel-lamy-dialog-2-374-muc-den-p-PRI564623?offer=PRI564623_MQS,PRI564623,0,0,0,0,0
adayroi.com,https://www.adayroi.com/but-may-cao-cap-lamy-accent-by-ngoi-f-tang-1-ong-bom-muc-tri-gia-150-000d-mau-sac-ngau-nhien-p-PRI564702?offer=PRI564702_MQS,PRI564702,0,0,0,0,0
adayroi.com,https://www.adayroi.com/but-may-cao-cap-lamy-accent-ld-ngoi-f-tang-1-ong-bom-muc-tri-gia-150-000d-mau-sac-ngau-nhien-p-PRI564786?offer=PRI564786_MQS,PRI564786,0,0,0,0,0
adayroi.com,https://www.adayroi.com/but-may-cao-cap-lamy-scala-black-080-ngoi-ef-tang-1-ong-bom-muc-tri-gia-150-000d-mau-sac-ngau-nhien-p-PRI569515?offer=PRI569515_MQS,PRI569515,0,0,0,0,0
adayroi.com,https://www.adayroi.com/but-may-cao-cap-lamy-accent-by-ngoi-m-tang-1-ong-bom-muc-tri-gia-150-000d-mau-sac-ngau-nhien-p-PRI564722?offer=PRI564722_MQS,PRI564722,0,0,0,0,0
adayroi.com,https://www.adayroi.com/but-bi-omas-arte-italiana-maroon-milord-burgundy-rose-gold-trim-p-PRI468557?offer=PRI468557_M2R,PRI468557,0,0,0,0,0
adayroi.com,https://www.adayroi.com/but-bi-omas-arte-italiana-milord-black-high-tech-trim-p-PRI468345?offer=PRI468345_M2R,PRI468345,0,0,0,0,0
adayroi.com,https://www.adayroi.com/but-bi-omas-arte-italiana-art-milord-black-gold-trim-p-PRI468305?offer=PRI468305_M2R,PRI468305,0,0,0,0,0
adayroi.com,https://www.adayroi.com/but-bi-omas-arte-italiana-maroon-milord-burgundy-ruthenium-trim-p-PRI468504?offer=PRI468504_M2R,PRI468504,0,0,0,0,0
adayroi.com,https://www.adayroi.com/combo-10-hop-but-chi-mau-da-nang-stabilo-carbothello-clc1424m-hop-sat-24-mau-%E2%80%8B%E2%80%8B-p-PRI1168810?offer=PRI1168810_N5X,PRI1168810,0,0,0,0,0
adayroi.com,https://www.adayroi.com/but-bi-aurora-optima-black-resin-cai-trang-998cn-den-p-PRI505964?offer=PRI505964_M2R,PRI505964,0,0,0,0,0
adayroi.com,https://www.adayroi.com/but-bi-delta-dolcevita-slim-cai-bac-p-PRI505280?offer=PRI505280_M2R,PRI505280,0,0,0,0,0
adayroi.com,https://www.adayroi.com/but-bi-parker-premier-11-monochrome-titanium-cai-trang-muc-xanh-p-PRI464250?offer=PRI464250_MQG,PRI464250,0,0,0,0,0
adayroi.com,https://www.adayroi.com/combo-5-hop-but-chi-mau-da-nang-stabilo-carbothello-clc1448m-hop-sat-48-mau-%E2%80%8B%E2%80%8B-p-PRI1168815?offer=PRI1168815_N5X,PRI1168815,0,0,0,0,0
adayroi.com,https://www.adayroi.com/but-da-delta-dolcevita-fusion-orange-cai-bac-p-PRI505486?offer=PRI505486_M2R,PRI505486,0,0,0,0,0
adayroi.com,https://www.adayroi.com/but-bi-aurora-optima-black-resin-cai-vang-998n-den-p-PRI505978?offer=PRI505978_M2R,PRI505978,0,0,0,0,0
adayroi.com,https://www.adayroi.com/but-bi-delta-dolcevita-medium-size-cai-bac-p-PRI504906?offer=PRI504906_M2R,PRI504906,0,0,0,0,0
adayroi.com,https://www.adayroi.com/but-da-omas-arte-italiana-maroon-milord-burgundy-ruthenium-trim-p-PRI467686?offer=PRI467686_M2R,PRI467686,0,0,0,0,0
adayroi.com,https://www.adayroi.com/but-da-bi-parker-premier-09-black-cai-trang-muc-xanh-p-PRI463473?offer=PRI463473_MQG,PRI463473,0,0,0,0,0
adayroi.com,https://www.adayroi.com/but-bi-parker-premier-9-custom-tartan-black-cai-trang-muc-xanh-p-PRI463705?offer=PRI463705_MQG,PRI463705,0,0,0,0,0
adayroi.com,https://www.adayroi.com/but-muc-cao-cap-lamy-cp1-pt-ngoi-m-tang-1-ong-bom-muc-tri-gia-150-000d-mau-sac-ngau-nhien-p-PRI565116?offer=PRI565116_MQS,PRI565116,0,0,0,0,0
adayroi.com,https://www.adayroi.com/but-bi-gel-lamy-2000-metal-302-muc-den-p-PRI564336?offer=PRI564336_MQS,PRI564336,0,0,0,0,0
adayroi.com,https://www.adayroi.com/but-da-delta-dolcevita-medium-size-cai-bac-p-PRI504934?offer=PRI504934_M2R,PRI504934,0,0,0,0,0
adayroi.com,https://www.adayroi.com/but-da-omas-360-2011-brown-resin-rose-gold-p-PRI469335?offer=PRI469335_M2R,PRI469335,0,0,0,0,0
adayroi.com,https://www.adayroi.com/but-may-parker-sonnet-sterling-silver-cai-trang-p-PRI464462?offer=PRI464462_M2I,PRI464462,0,0,0,0,0
adayroi.com,https://www.adayroi.com/but-bi-omas-arte-italiana-art-milord-art-green-p-PRI468838?offer=PRI468838_M2R,PRI468838,0,0,0,0,0
adayroi.com,https://www.adayroi.com/but-may-cao-cap-waterman-carene-essential-black-gold-trim-ngoi-f-p-PRI615948?offer=PRI615948_MQG,PRI615948,0,0,0,0,0
adayroi.com,https://www.adayroi.com/viet-long-bi-parker-premier-11-monochrome-ed-tit-ngoi-f-muc-den-p-PRI612605?offer=PRI612605_MQG,PRI612605,0,0,0,0,0
adayroi.com,https://www.adayroi.com/but-muc-cao-cap-lamy-dialog-3-palladium-ngoi-b-tang-1-ong-bom-muc-tri-gia-150-000d-mau-sac-ngau-nhien-p-PRI565227?offer=PRI565227_MQS,PRI565227,0,0,0,0,0
adayroi.com,https://www.adayroi.com/but-may-cao-cap-lamy-scala-ti-ngoi-vang-f-tang-1-ong-bom-muc-tri-gia-150-000d-mau-sac-ngau-nhien-p-PRI569295?offer=PRI569295_MQS,PRI569295,0,0,0,0,0
adayroi.com,https://www.adayroi.com/but-muc-cao-cap-lamy-dialog-3-piano-white-ngoi-b-tang-1-ong-bom-muc-tri-gia-150-000d-mau-sac-ngau-nhien-p-PRI565381?offer=PRI565381_MQS,PRI565381,0,0,0,0,0
adayroi.com,https://www.adayroi.com/but-may-cao-cap-lamy-fountain-pen-2000-metal-002-ngoi-f-p-PRI563869?offer=PRI563869_MQS,PRI563869,0,0,0,0,0
adayroi.com,https://www.adayroi.com/but-muc-cao-cap-lamy-dialog-3-black-ngoi-m-tang-1-ong-bom-muc-tri-gia-150-000d-mau-sac-ngau-nhien-p-PRI565182?offer=PRI565182_MQS,PRI565182,0,0,0,0,0
adayroi.com,https://www.adayroi.com/but-muc-cao-cap-lamy-dialog-3-piano-black-ngoi-om-tang-1-ong-bom-muc-tri-gia-150-000d-mau-sac-ngau-nhien-p-PRI565280?offer=PRI565280_MQS,PRI565280,0,0,0,0,0
adayroi.com,https://www.adayroi.com/but-muc-cao-cap-lamy-dialog-3-piano-white-ngoi-f-tang-1-ong-bom-muc-tri-gia-150-000d-mau-sac-ngau-nhien-p-PRI565336?offer=PRI565336_MQS,PRI565336,0,0,0,0,0
adayroi.com,https://www.adayroi.com/but-may-cao-cap-lamy-scala-piano-black-ngoi-vang-m-tang-1-ong-bom-muc-tri-gia-150-000d-mau-sac-ngau-nhien-p-PRI569550?offer=PRI569550_MQS,PRI569550,0,0,0,0,0
adayroi.com,https://www.adayroi.com/but-muc-cao-cap-lamy-dialog-3-palladium-ngoi-ef-tang-1-ong-bom-muc-tri-gia-150-000d-mau-sac-ngau-nhien-p-PRI565259?offer=PRI565259_MQS,PRI565259,0,0,0,0,0
adayroi.com,https://www.adayroi.com/but-may-cao-cap-lamy-scala-piano-black-ngoi-vang-f-tang-1-ong-bom-muc-tri-gia-150-000d-mau-sac-ngau-nhien-p-PRI569551?offer=PRI569551_MQS,PRI569551,0,0,0,0,0
adayroi.com,https://www.adayroi.com/but-muc-cao-cap-lamy-dialog-3-black-ngoi-ob-tang-1-ong-bom-muc-tri-gia-150-000d-mau-sac-ngau-nhien-p-PRI565173?offer=PRI565173_MQS,PRI565173,0,0,0,0,0
adayroi.com,https://www.adayroi.com/but-muc-cao-cap-lamy-dialog-3-black-ngoi-f-tang-1-ong-bom-muc-tri-gia-150-000d-mau-sac-ngau-nhien-p-PRI565125?offer=PRI565125_MQS,PRI565125,0,0,0,0,0
adayroi.com,https://www.adayroi.com/but-muc-cao-cap-lamy-dialog-3-piano-black-ngoi-ob-tang-1-ong-bom-muc-tri-gia-150-000d-mau-sac-ngau-nhien-p-PRI565298?offer=PRI565298_MQS,PRI565298,0,0,0,0,0
adayroi.com,https://www.adayroi.com/but-may-cao-cap-lamy-fountain-pen-2000-metal-002-ngoi-ef-p-PRI563887?offer=PRI563887_MQS,PRI563887,0,0,0,0,0
adayroi.com,https://www.adayroi.com/but-da-omas-arte-italiana-noir-millord-black-p-PRI468133?offer=PRI468133_M2R,PRI468133,0,0,0,0,0
adayroi.com,https://www.adayroi.com/but-bi-aurora-optima-auroloide-cai-trang-998cba-xanh-duong-p-PRI505933?offer=PRI505933_M2R,PRI505933,0,0,0,0,0
adayroi.com,https://www.adayroi.com/but-bi-aurora-optima-auroloide-burgundy-cai-trang-988cxa-do-do-p-PRI506016?offer=PRI506016_M2R,PRI506016,0,0,0,0,0
adayroi.com,https://www.adayroi.com/but-may-waterman-carene-essential-black-gold-cai-vang-p-PRI461766?offer=PRI461766_MQG,PRI461766,0,0,0,0,0
adayroi.com,https://www.adayroi.com/but-bi-waterman-exception-slim-raspberry-silver-trim-ngoi-m-muc-xanh-p-PRI616963?offer=PRI616963_MQG,PRI616963,0,0,0,0,0
adayroi.com,https://www.adayroi.com/but-bi-waterman-exception-slim-celadon-silver-trim-ngoi-m-muc-xanh-p-PRI616960?offer=PRI616960_MQG,PRI616960,0,0,0,0,0
adayroi.com,https://www.adayroi.com/combo-5-hop-but-chi-mau-da-nang-stabilo-carbothello-clc1460m-hop-sat-60-mau-%E2%80%8B%E2%80%8B-p-PRI1168817?offer=PRI1168817_N5X,PRI1168817,0,0,0,0,0
adayroi.com,https://www.adayroi.com/but-da-bi-aurora-optima-black-resin-cai-trang-975cn-den-p-PRI505051?offer=PRI505051_M2R,PRI505051,0,0,0,0,0
adayroi.com,https://www.adayroi.com/but-bi-parker-premier-9-deluxe-silver-cai-trang-muc-xanh-p-PRI464031?offer=PRI464031_MQG,PRI464031,0,0,0,0,0
adayroi.com,https://www.adayroi.com/but-long-bi-waterman-exception-slim-celadon-cai-trang-ngoi-f-muc-xanh-duong-p-PRI616796?offer=PRI616796_MQG,PRI616796,0,0,0,0,0
adayroi.com,https://www.adayroi.com/but-long-bi-waterman-exception-slim-raspberry-cai-trang-ngoi-f-muc-xanh-duong-p-PRI616812?offer=PRI616812_MQG,PRI616812,0,0,0,0,0
adayroi.com,https://www.adayroi.com/but-may-delta-dolcevita-fusion-orange-cai-bac-p-PRI505436?offer=PRI505436_M2R,PRI505436,0,0,0,0,0
adayroi.com,https://www.adayroi.com/but-long-bi-waterman-elegance-black-silver-trim-ngoi-f-p-PRI617820?offer=PRI617820_MQG,PRI617820,0,0,0,0,0
adayroi.com,https://www.adayroi.com/combo-10-hop-but-chi-mau-da-nang-stabilo-carbothello-clc1436m-hop-sat-36-mau-%E2%80%8B%E2%80%8B-p-PRI1168812?offer=PRI1168812_N5X,PRI1168812,0,0,0,0,0
adayroi.com,https://www.adayroi.com/but-da-bi-parker-premier-9-deluxe-silver-cai-trang-muc-xanh-p-PRI463969?offer=PRI463969_MQG,PRI463969,0,0,0,0,0
adayroi.com,https://www.adayroi.com/viet-long-bi-parker-premier-09-black-ed-2010-ngoi-f-p-PRI612373?offer=PRI612373_MQG,PRI612373,0,0,0,0,0
adayroi.com,https://www.adayroi.com/but-may-parker-premier-09-black-cai-vang-p-PRI463200?offer=PRI463200_M2I,PRI463200,0,0,0,0,0
adayroi.com,https://www.adayroi.com/but-may-parker-premier-09-black-cai-trang-p-PRI463366?offer=PRI463366_MQG,PRI463366,0,0,0,0,0
adayroi.com,https://www.adayroi.com/but-long-bi-waterman-exception-night-day-black-cai-trang-ngoi-f-muc-den-p-PRI616592?offer=PRI616592_MQG,PRI616592,0,0,0,0,0
adayroi.com,https://www.adayroi.com/but-da-bi-aurora-optima-auroloide-cai-vang-975ba-xanh-duong-p-PRI504924?offer=PRI504924_M2R,PRI504924,0,0,0,0,0
adayroi.com,https://www.adayroi.com/but-may-waterman-exception-slim-black-cai-trang-ngoi-m-p-PRI616134?offer=PRI616134_MQG,PRI616134,0,0,0,0,0
adayroi.com,https://www.adayroi.com/but-may-delta-dolcevita-slim-gold-plate-p-PRI505191?offer=PRI505191_M2R,PRI505191,0,0,0,0,0
adayroi.com,https://www.adayroi.com/but-may-waterman-exception-slim-black-cai-vang-p-PRI461949?offer=PRI461949_M2I,PRI461949,0,0,0,0,0
adayroi.com,https://www.adayroi.com/but-may-parker-premier-9-custom-tartan-black-cai-trang-p-PRI463640?offer=PRI463640_MQG,PRI463640,0,0,0,0,0
adayroi.com,https://www.adayroi.com/but-may-waterman-elegance-black-gold-trim-ngoi-m-p-PRI617296?offer=PRI617296_MQG,PRI617296,0,0,0,0,0
adayroi.com,https://www.adayroi.com/combo-10-hop-but-chi-mau-da-nang-stabilo-carbothello-clc1448m-hop-sat-48-mau-%E2%80%8B%E2%80%8B-p-PRI1168814?offer=PRI1168814_N5X,PRI1168814,0,0,0,0,0
adayroi.com,https://www.adayroi.com/but-may-waterman-elegance-ivory-gold-trim-ngoi-f-p-PRI617004?offer=PRI617004_MQG,PRI617004,0,0,0,0,0
adayroi.com,https://www.adayroi.com/but-may-delta-dolcevita-medium-cai-bac-p-PRI504856?offer=PRI504856_M2R,PRI504856,0,0,0,0,0
adayroi.com,https://www.adayroi.com/but-may-waterman-elegance-ivory-cai-vang-p-PRI460746?offer=PRI460746_M2I,PRI460746,0,0,0,0,0
adayroi.com,https://www.adayroi.com/but-may-waterman-exception-night-day-black-ngoi-f-p-PRI615583?offer=PRI615583_MQG,PRI615583,0,0,0,0,0
adayroi.com,https://www.adayroi.com/but-may-waterman-exception-night-day-black-ngoi-m-p-PRI615585?offer=PRI615585_MQG,PRI615585,0,0,0,0,0
adayroi.com,https://www.adayroi.com/but-may-waterman-exception-idea-black-ngoi-f-p-PRI615525?offer=PRI615525_MQG,PRI615525,0,0,0,0,0
adayroi.com,https://www.adayroi.com/but-may-waterman-exception-idea-black-ngoi-m-p-PRI615535?offer=PRI615535_MQG,PRI615535,0,0,0,0,0
adayroi.com,https://www.adayroi.com/but-may-waterman-exception-night-day-black-cai-trang-p-PRI461167?offer=PRI461167_M2I,PRI461167,0,0,0,0,0
adayroi.com,https://www.adayroi.com/but-may-omas-arte-italiana-maroon-paragon-burgundy-rose-gold-trim-net-to-p-PRI468343?offer=PRI468343_M2R,PRI468343,0,0,0,0,0
adayroi.com,https://www.adayroi.com/but-may-waterman-exception-idea-black-cai-vang-p-PRI461765?offer=PRI461765_M2I,PRI461765,0,0,0,0,0
adayroi.com,https://www.adayroi.com/but-may-delta-dolcevita-stantuffo-cai-vang-piston-filling-p-PRI505332?offer=PRI505332_M2R,PRI505332,0,0,0,0,0
adayroi.com,https://www.adayroi.com/but-may-aurora-optima-auroloide-cai-vang-996bm-xanh-duong-p-PRI505218?offer=PRI505218_M2R,PRI505218,0,0,0,0,0
adayroi.com,https://www.adayroi.com/but-may-aurora-optima-auroloide-emerald-cai-vang-996vm-xanh-la-cay-p-PRI505415?offer=PRI505415_M2R,PRI505415,0,0,0,0,0
adayroi.com,https://www.adayroi.com/but-da-omas-arte-italiana-arco-celluloid-milord-gold-trim-p-PRI467525?offer=PRI467525_M2R,PRI467525,0,0,0,0,0
adayroi.com,https://www.adayroi.com/but-may-parker-duofold-05-centennial-black-cai-vang-p-PRI462448?offer=PRI462448_MQG,PRI462448,0,0,0,0,0
adayroi.com,https://www.adayroi.com/but-may-parker-premier-9-deluxe-silver-cai-trang-p-PRI463917?offer=PRI463917_MQG,PRI463917,0,0,0,0,0
adayroi.com,https://www.adayroi.com/but-da-omas-arte-italiana-woods-milord-olive-wood-p-PRI467565?offer=PRI467565_M2R,PRI467565,0,0,0,0,0
adayroi.com,https://www.adayroi.com/but-may-delta-dolcevita-oversize-gold-plated-p-PRI505131?offer=PRI505131_M2R,PRI505131,0,0,0,0,0
adayroi.com,https://www.adayroi.com/but-may-delta-caruso-gold-plated-details-18k-solid-gold-nib-le-873-p-PRI506054?offer=PRI506054_M2R,PRI506054,0,0,0,0,0
adayroi.com,https://www.adayroi.com/but-may-delta-dolcevita-it-demonstrator-oversize-cai-vang-p-PRI505010?offer=PRI505010_M2R,PRI505010,0,0,0,0,0
adayroi.com,https://www.adayroi.com/but-may-waterman-edson-blue-cai-vang-p-PRI460599?offer=PRI460599_M2I,PRI460599,0,0,0,0,0
adayroi.com,https://www.adayroi.com/set-but-may-aurora-talentum-calligraphic-k0102-p-PRI504772?offer=PRI504772_M2R,PRI504772,0,0,0,0,0
adayroi.com,https://www.adayroi.com/ghim-giay-c62-p-PRI259665?offer=PRI259665_CKZ,PRI259665,0,0,0,0,0
adayroi.com,https://www.adayroi.com/so-lo-xo-kep-a5-k-long-200-trang-p-PRI1026541?offer=PRI1026541_M-QVH,PRI1026541,0,0,0,0,0
adayroi.com,https://www.adayroi.com/ghim-dap-so-10-plus-p-PRI133595?offer=PRI133595_CHK,PRI133595,0,0,0,0,4
adayroi.com,https://www.adayroi.com/keo-dan-giay-g-014-h30-p-PRI404293?offer=PRI404293_CHK,PRI404293,0,0,0,0,0
adayroi.com,https://www.adayroi.com/but-chi-go-thien-long-gp-020-vi-3-cay-p-PRI1142380?offer=PRI1142380_CHK,PRI1142380,0,0,0,0,0
adayroi.com,https://www.adayroi.com/so-lo-xo-hai-tien-notebook-a5-p-PRI1126862?offer=PRI1126862_CHK,PRI1126862,0,0,0,0,0
adayroi.com,https://www.adayroi.com/nho-ghim-p-PRI245074?offer=PRI245074_CKZ,PRI245074,0,0,0,0,0
adayroi.com,https://www.adayroi.com/giay-note-guangbo-zgt9345-p-PRI1084553?offer=PRI1084553_Q5I,PRI1084553,0,0,0,0,0
adayroi.com,https://www.adayroi.com/vi-5-but-bi-thien-long-tl-079-plus-p-PRI1132920?offer=PRI1132920_CHK,PRI1132920,0,0,0,0,0
adayroi.com,https://www.adayroi.com/gom-stabilo-exam-grade-er191e-den-trung-p-PRI721555?offer=PRI721555_N5X,PRI721555,0,0,0,0,0
adayroi.com,https://www.adayroi.com/but-mau-sap-smartkids-safari-sk15-005-khay-giay-hop-18-mau-p-1040518?offer=1040518_SLY,1040518,0,0,0,0,0
adayroi.com,https://www.adayroi.com/combo-but-may-va-6-ong-muc-roi-smartkids-sk-cfp001-muc-tim-p-1079087?offer=1079087_SLY,1079087,0,0,0,0,0
adayroi.com,https://www.adayroi.com/but-sap-mau-faber-castell-wax-crayons-120043-hop-12-mau-p-PRI788204?offer=PRI788204_PE4,PRI788204,0,0,0,0,0
adayroi.com,https://www.adayroi.com/but-chi-kim-bam-pentel-a255a-0-5mm-p-PRI1207550?offer=PRI1207550_RUK,PRI1207550,0,0,0,0,0
adayroi.com,https://www.adayroi.com/but-luyen-viet-chu-dep-kim-thanh-kt18-xanh-p-PRI211288?offer=PRI211288_CHK,PRI211288,0,0,0,0,0
adayroi.com,https://www.adayroi.com/may-duc-lo-giay-guangbo-dkj7701-p-PRI1073855?offer=PRI1073855_Q5I,PRI1073855,0,0,0,0,0
adayroi.com,https://www.adayroi.com/so-bia-da-a4-k-long-300-trang-p-PRI1022681?offer=PRI1022681_M-QVH,PRI1022681,0,0,0,0,0
adayroi.com,https://www.adayroi.com/cap-hop-vuong-hmax-hp-050-p-PRI245260?offer=PRI245260_CKZ,PRI245260,0,0,0,0,0
adayroi.com,https://www.adayroi.com/but-bi-thien-long-tl-023-0-8mm-muc-xanh-hop-20-but-p-PRI848819?offer=PRI848819_CKZ,PRI848819,0,0,0,0,0
adayroi.com,https://www.adayroi.com/bo-1-but-viet-bang-stabilo-plan-do-lau-bang-wm641-1s-p-PRI720254?offer=PRI720254_N5X,PRI720254,0,0,0,0,0
adayroi.com,https://www.adayroi.com/vi-dung-but-mem-dap-anhvi-av2223-d-hinh-sung-p-PRI736030?offer=PRI736030_M6L,PRI736030,0,0,0,0,0
adayroi.com,https://www.adayroi.com/vi-dung-but-mem-dap-anhvi-av2223-x-hinh-sung-p-PRI736043?offer=PRI736043_M6L,PRI736043,0,0,0,0,0
adayroi.com,https://www.adayroi.com/cam-but-lap-ghep-guangbo-fizz-bt5952-b-xanh-da-troi-p-1353054?offer=1353054_Q5I,1353054,0,0,0,0,0
adayroi.com,https://www.adayroi.com/vo-ke-ngang-haplus-k-pop-hai-tien-200-trang-5-quyen-loc-p-PRI1243237?offer=PRI1243237_RWY,PRI1243237,0,0,0,0,2
adayroi.com,https://www.adayroi.com/vo-ke-ngang-haplus-k-pop-hai-tien-120-trang-10-quyen-loc-p-PRI1243232?offer=PRI1243232_RWY,PRI1243232,0,0,0,0,3
adayroi.com,https://www.adayroi.com/chan-sach-guangbo-wz5935sh-p-PRI1192254?offer=PRI1192254_Q5I,PRI1192254,0,0,0,0,0
adayroi.com,https://www.adayroi.com/dao-roc-giay-kds-l-22-16-x-4-7-cm-vang-p-PRI405774?offer=PRI405774_L5G,PRI405774,0,0,0,0,0
adayroi.com,https://www.adayroi.com/lich-bloc-sieu-dai-an-hao-2019-tai-loc-p-1872434?offer=1872434_BCO,1872434,0,0,0,0,0
adayroi.com,https://www.adayroi.com/mau-ve-acrylic-faber-castell-hop-12-tuyp-mau-kem-khay-va-co-p-PRI1157624?offer=PRI1157624_PE4,PRI1157624,0,0,0,0,0
adayroi.com,https://www.adayroi.com/but-chi-mau-nuoc-faber-castell-parrot-114464-hop-24-mau-dai-p-PRI788050?offer=PRI788050_PE4,PRI788050,0,0,0,0,0
adayroi.com,https://www.adayroi.com/ke-doc-sach-nhatvywood-bh05-p-998561?offer=998561_OK2,998561,0,0,0,0,0
adayroi.com,https://www.adayroi.com/tui-deo-cheo-ngang-b-bag-t-23-005-den-p-1023591?offer=1023591_SLY,1023591,0,0,0,0,0
adayroi.com,https://www.adayroi.com/tui-deo-cheo-ngang-b-bag-t-23-006-xanh-duong-p-1023592?offer=1023592_SLY,1023592,0,0,0,0,0
adayroi.com,https://www.adayroi.com/lo-muc-parker-xanh-den-60ml-p-PRI472819?offer=PRI472819_M2I,PRI472819,0,0,0,0,0
adayroi.com,https://www.adayroi.com/but-chi-mau-faber-castell-classic-knight-chuot-hop-36-mau-dai-p-PRI787624?offer=PRI787624_PE4,PRI787624,0,0,0,0,1
adayroi.com,https://www.adayroi.com/but-kep-phan-mungyo-mch-yw-vang-6-cai-hop-p-PRI729192?offer=PRI729192_N5X,PRI729192,0,0,0,0,0
adayroi.com,https://www.adayroi.com/but-ky-cao-cap-pentel-bl2007-z-muc-gel-net-0-7mm-p-491079?offer=491079_RUK,491079,0,0,0,0,0
adayroi.com,https://www.adayroi.com/but-bi-lamy-logo-blue-205-muc-xanh-p-PRI458829?offer=PRI458829_MQS,PRI458829,0,0,0,0,0
adayroi.com,https://www.adayroi.com/ngoi-but-lamy-z50-ef-black-p-PRI460370?offer=PRI460370_MQS,PRI460370,0,0,0,0,0
adayroi.com,https://www.adayroi.com/lich-bloc-sieu-cuc-dai-an-hao-2019-tuan-hoan-cuoc-song-p-1872328?offer=1872328_BCO,1872328,0,0,0,0,0
adayroi.com,https://www.adayroi.com/but-bi-lamy-st-245-muc-den-p-PRI474514?offer=PRI474514_MQS,PRI474514,0,0,0,0,0
adayroi.com,https://www.adayroi.com/ba-lo-hoc-sinh-tiger-family-rainbow-collection-1741e-xanh-la-p-PRI1050522?offer=PRI1050522_M-QXD,PRI1050522,0,0,0,0,0
adayroi.com,https://www.adayroi.com/cap-hoc-sinh-chong-gu-tiger-family-scholar-spinning-goal-p-1664418?offer=1664418_M-QXD,1664418,0,0,0,0,0
adayroi.com,https://www.adayroi.com/vi-2-gom-tay-chi-thien-long-e6-p-PRI133382?offer=PRI133382_CHK,PRI133382,0,0,0,0,0
adayroi.com,https://www.adayroi.com/but-de-cam-thien-long-smart-holder-ph-02-p-PRI138081?offer=PRI138081_CHK,PRI138081,0,0,0,0,0
adayroi.com,https://www.adayroi.com/hop-vuong-hp-045-p-PRI245082?offer=PRI245082_CKZ,PRI245082,0,0,0,0,0
adayroi.com,https://www.adayroi.com/so-lo-xo-a4-hai-tien-200-trang-p-PRI1243466?offer=PRI1243466_RWY,PRI1243466,0,0,0,0,1
adayroi.com,https://www.adayroi.com/tui-don-dung-but-tot-d01-hong-p-1015352?offer=1015352_155006,1015352,0,0,0,0,0
adayroi.com,https://www.adayroi.com/but-ky-2-net-pentel-tradio-stylo-trj50-den-p-PRI1206907?offer=PRI1206907_RUK,PRI1206907,0,0,0,0,0
adayroi.com,https://www.adayroi.com/chan-sach-guangbo-wz5933sl-p-PRI1192240?offer=PRI1192240_Q5I,PRI1192240,0,0,0,0,0
adayroi.com,https://www.adayroi.com/ong-muc-waterman-xanh-8-ong-vi-p-PRI473638?offer=PRI473638_M2I,PRI473638,0,0,0,0,0
adayroi.com,https://www.adayroi.com/kep-buom-25mm-guangbo-pj5233-vi-6-cai-p-PRI1077446?offer=PRI1077446_Q5I,PRI1077446,0,0,0,0,0
adayroi.com,https://www.adayroi.com/so-lo-xo-a5-hai-tien-grand-200-trang-6218-p-PRI1301575?offer=PRI1301575_RWY,PRI1301575,0,0,0,0,4
adayroi.com,https://www.adayroi.com/giay-note-8-mau-guangbo-zgt9200-p-PRI1084434?offer=PRI1084434_Q5I,PRI1084434,0,0,0,0,0
adayroi.com,https://www.adayroi.com/so-lo-xo-kep-ngang-b6-k-long-260-trang-p-PRI1024942?offer=PRI1024942_M-QVH,PRI1024942,0,0,0,0,0
adayroi.com,https://www.adayroi.com/giay-note-4-mau-guangbo-zgt9350-p-PRI1084752?offer=PRI1084752_Q5I,PRI1084752,0,0,0,0,0
adayroi.com,https://www.adayroi.com/vo-ve-lo-xo-xe-a3-k-long-711-20-to-hoat-hinh-xanh-p-PRI1025015?offer=PRI1025015_M-QVH,PRI1025015,0,0,0,0,0
adayroi.com,https://www.adayroi.com/so-lo-xo-kep-b5-k-long-260-trang-vang-p-PRI1022218?offer=PRI1022218_M-QVH,PRI1022218,0,0,0,0,0
adayroi.com,https://www.adayroi.com/but-da-quang-faber-castell-textliner-48-yl-opaque-154807-muc-vang-p-PRI790552?offer=PRI790552_PE4,PRI790552,0,0,0,0,0
adayroi.com,https://www.adayroi.com/but-da-quang-faber-castell-textliner-48-or-opaque-154815-muc-cam-p-PRI790631?offer=PRI790631_PE4,PRI790631,0,0,0,0,0
adayroi.com,https://www.adayroi.com/so-lo-xo-don-a4-k-long-300-trang-p-PRI1026910?offer=PRI1026910_M-QVH,PRI1026910,0,0,0,0,0
adayroi.com,https://www.adayroi.com/chan-sach-guangbo-wz9306-p-PRI1192603?offer=PRI1192603_Q5I,PRI1192603,0,0,0,0,0
adayroi.com,https://www.adayroi.com/cap-hoc-sinh-b-bag-champion-c-12-020-new-p-1023219?offer=1023219_SLY,1023219,0,0,0,0,0
adayroi.com,https://www.adayroi.com/file-trinh-ky-1-mat-chong-xuoc-guangbo-a6384-co-a5-228-x-158-mm-vang-cam-p-PRI1196549?offer=PRI1196549_Q5I,PRI1196549,0,0,0,0,0
adayroi.com,https://www.adayroi.com/but-chi-mau-stabilo-swans-cls1873s-hop-12-mau-p-PRI722942?offer=PRI722942_N5X,PRI722942,0,0,0,0,0
adayroi.com,https://www.adayroi.com/but-chi-kim-ky-thuat-pentel-a317-0-7mm-p-PRI1207713?offer=PRI1207713_RUK,PRI1207713,0,0,0,0,0
adayroi.com,https://www.adayroi.com/but-may-schneiderpen-voice-hong-p-PRI1015732?offer=PRI1015732_M-QXD,PRI1015732,0,0,0,0,0
adayroi.com,https://www.adayroi.com/but-may-ca-sau-xanh-aladin-bailey-bom-bop-p-PRI1133658?offer=PRI1133658_Q5I,PRI1133658,0,0,0,0,0
adayroi.com,https://www.adayroi.com/khay-dung-tai-lieu-3-tang-guangbo-wjk9244-p-PRI1077615?offer=PRI1077615_Q5I,PRI1077615,0,0,0,0,0
adayroi.com,https://www.adayroi.com/bo-2-but-viet-bang-stabilo-plan-do-lau-bang-muc-den-wm641-2sbkr-p-PRI1288796?offer=PRI1288796_N5X,PRI1288796,0,0,0,0,0
adayroi.com,https://www.adayroi.com/dau-nhay-so-tu-dong-8-so-guangbo-hmj6852-p-PRI1076236?offer=PRI1076236_Q5I,PRI1076236,0,0,0,0,0
adayroi.com,https://www.adayroi.com/but-sap-dau-faber-castell-hexagonal-oil-pastels-hop-60-mau-chuot-p-PRI788107?offer=PRI788107_PE4,PRI788107,0,0,0,0,0
adayroi.com,https://www.adayroi.com/may-tinh-khoa-hoc-tieu-chuan-casio-fx-570vn-plus-p-PRI870278?offer=PRI870278_SLY,PRI870278,0,0,0,0,1
adayroi.com,https://www.adayroi.com/thuoc-ke-nhua-faber-castell-170640-15cm-p-PRI789728?offer=PRI789728_PE4,PRI789728,0,0,0,0,0
adayroi.com,https://www.adayroi.com/khan-lau-bang-p-PRI259749?offer=PRI259749_CKZ,PRI259749,0,0,0,0,0
adayroi.com,https://www.adayroi.com/giay-nho-4-mau-p-PRI245250?offer=PRI245250_CKZ,PRI245250,0,0,0,0,0
adayroi.com,https://www.adayroi.com/cap-xop-co-khuy-guangbo-a9162-co-a6-178-x-115-x-15-mm-kem-p-PRI1195996?offer=PRI1195996_Q5I,PRI1195996,0,0,0,0,0
adayroi.com,https://www.adayroi.com/but-gel-pentel-energel-bl107-0-7mm-p-PRI1205374?offer=PRI1205374_RUK,PRI1205374,0,0,0,0,0
adayroi.com,https://www.adayroi.com/tui-dung-ho-so-loai-day-magnolia-w209-a-c-ad-1-kho-a4-tap-20-chiec-p-PRI825753?offer=PRI825753_CKZ,PRI825753,0,0,0,0,0
adayroi.com,https://www.adayroi.com/ruot-but-ky-pentel-mlj20-den-p-PRI1207451?offer=PRI1207451_RUK,PRI1207451,0,0,0,0,0
adayroi.com,https://www.adayroi.com/nam-cham-tron-gan-bang-30mm-guangbo-cd2101-hop-30-chiec-p-PRI1073648?offer=PRI1073648_Q5I,PRI1073648,0,0,0,0,0
adayroi.com,https://www.adayroi.com/but-may-platinum-preppy-f03-tim-p-PRI840353?offer=PRI840353_LWP,PRI840353,0,0,0,0,0
adayroi.com,https://www.adayroi.com/may-tinh-de-ban-co-ban-casio-ax-120b-p-PRI870822?offer=PRI870822_SLY,PRI870822,0,0,0,0,0
adayroi.com,https://www.adayroi.com/lich-bloc-sieu-cuc-dai-dac-biet-van-lang-2019-sen-viet-p-1890735?offer=1890735_BCO,1890735,0,0,0,0,0
adayroi.com,https://www.adayroi.com/bo-3-cay-but-chi-go-stabilo-exam-grade-288-hb-than-but-den-duoi-but-do-p-154618?offer=154618_N5X,154618,0,0,0,0,0
adayroi.com,https://www.adayroi.com/ruot-chi-bam-thien-long-pcl-05-p-PRI1173693?offer=PRI1173693_CHK,PRI1173693,0,0,0,0,0
adayroi.com,https://www.adayroi.com/vo-ve-lo-xo-a4-k-long-708-30-to-hoa-tiet-ca-ro-p-PRI1025574?offer=PRI1025574_M-QVH,PRI1025574,0,0,0,0,0
adayroi.com,https://www.adayroi.com/but-bi-stabilo-bille-bp508nf-vl-tim-p-PRI1305371?offer=PRI1305371_N5X,PRI1305371,0,0,0,0,0
adayroi.com,https://www.adayroi.com/giay-note-guangbo-zgt9322-7-6-x-7-6-cm-p-PRI1201094?offer=PRI1201094_Q5I,PRI1201094,0,0,0,0,0
adayroi.com,https://www.adayroi.com/bo-10-quyen-vo-hoc-sinh-48-trang-4-ly-vinschool-p-PRI869282?offer=PRI869282_NDI,PRI869282,0,0,0,0,0
adayroi.com,https://www.adayroi.com/but-bi-matix-fo-024-vn-do-p-PRI1260530?offer=PRI1260530_Q5I,PRI1260530,0,0,0,0,0
adayroi.com,https://www.adayroi.com/but-da-kinh-guangbo-jh9824r-do-p-PRI1199169?offer=PRI1199169_Q5I,PRI1199169,0,0,0,0,0
adayroi.com,https://www.adayroi.com/ghim-vong-29mm-guangbo-zd5312-hop-100-chiec-p-PRI1082299?offer=PRI1082299_Q5I,PRI1082299,0,0,0,0,0
adayroi.com,https://www.adayroi.com/hop-dung-tai-lieu-hyphen-hp050-kho-a4-day-20cm-p-PRI823043?offer=PRI823043_CKZ,PRI823043,0,0,0,0,0
adayroi.com,https://www.adayroi.com/but-bi-pentel-bx417-0-7mm-den-p-1038678?offer=1038678_RUK,1038678,0,0,0,0,0
adayroi.com,https://www.adayroi.com/may-tinh-thuc-hanh-casio-mc-12m-p-PRI967996?offer=PRI967996_SLY,PRI967996,0,0,0,0,0
adayroi.com,https://www.adayroi.com/lich-bloc-sieu-dai-an-hao-2019-nhung-diem-den-doi-nguoi-p-1872414?offer=1872414_BCO,1872414,0,0,0,0,0
adayroi.com,https://www.adayroi.com/nam-cham-chan-giay-hanson-phi-34mm-p-PRI1121065?offer=PRI1121065_Q5I,PRI1121065,0,0,0,0,0
adayroi.com,https://www.adayroi.com/file-rut-gay-guangbo-a2012-31-x-21-5-cm-p-PRI1070450?offer=PRI1070450_Q5I,PRI1070450,0,0,0,0,0
adayroi.com,https://www.adayroi.com/lich-bloc-lien-viet-2019-thu-phap-p-1949101?offer=1949101_BCO,1949101,0,0,0,0,0
adayroi.com,https://www.adayroi.com/nam-cham-mat-cuoi-guangbo-cd2107-30mm-vi-6-chiec-p-PRI1200416?offer=PRI1200416_Q5I,PRI1200416,0,0,0,0,0
adayroi.com,https://www.adayroi.com/kim-dot-lo-giay-guangbo-dkj7704-p-PRI1074029?offer=PRI1074029_Q5I,PRI1074029,0,0,0,0,0
adayroi.com,https://www.adayroi.com/file-tai-lieu-40-la-guangbo-fizz-a36374-p-1353050?offer=1353050_Q5I,1353050,0,0,0,0,0
adayroi.com,https://www.adayroi.com/bia-cong-dung-tai-lieu-hyphen-hp159-kho-a4-day-7cm-p-PRI823533?offer=PRI823533_CKZ,PRI823533,0,0,0,0,0
adayroi.com,https://www.adayroi.com/but-da-dau-guangbo-jh8821d-den-p-PRI1199136?offer=PRI1199136_Q5I,PRI1199136,0,0,0,0,0
adayroi.com,https://www.adayroi.com/file-tai-lieu-30-la-guangbo-fizz-a36373-p-1353049?offer=1353049_Q5I,1353049,0,0,0,0,0
adayroi.com,https://www.adayroi.com/hop-10-cay-but-bi-bam-stabilo-liner-0-7mm-bp308f-den-p-PRI1161769?offer=PRI1161769_N5X,PRI1161769,0,0,0,0,0
adayroi.com,https://www.adayroi.com/vi-2-but-chi-go-2b-thien-long-bizner-biz-p01-p-PRI1139883?offer=PRI1139883_CHK,PRI1139883,0,0,0,0,0
adayroi.com,https://www.adayroi.com/but-xoa-fo-cp01-10ml-p-PRI1260487?offer=PRI1260487_Q5I,PRI1260487,0,0,0,0,0
adayroi.com,https://www.adayroi.com/bang-dinh-panfix-opp-40mic-x-48mm-x-100yard-p-PRI820259?offer=PRI820259_CKZ,PRI820259,0,0,0,0,0
adayroi.com,https://www.adayroi.com/dung-cu-go-kim-kw-trio-0508b-p-PRI570730?offer=PRI570730_CHK,PRI570730,0,0,0,0,0
adayroi.com,https://www.adayroi.com/thuoc-ke-nhua-20cm-guangbo-cb5665-p-PRI1073429?offer=PRI1073429_Q5I,PRI1073429,0,0,0,0,0
adayroi.com,https://www.adayroi.com/tap-giay-kiem-tra-cap-2-hong-ha-25-to-p-PRI1265871?offer=PRI1265871_CHK,PRI1265871,0,0,0,0,0
adayroi.com,https://www.adayroi.com/vo-ke-ngang-hong-ha-pupil-1001-p-PRI1128102?offer=PRI1128102_CHK,PRI1128102,0,0,0,0,0
adayroi.com,https://www.adayroi.com/giay-nho-p-PRI245187?offer=PRI245187_CKZ,PRI245187,0,0,0,0,0
adayroi.com,https://www.adayroi.com/ruot-chi-kim-pentel-super-2b-0-5mm-12-ruot-tuyp-p-PRI1205550?offer=PRI1205550_RUK,PRI1205550,0,0,0,0,0
adayroi.com,https://www.adayroi.com/kep-buom-double-a-19mm-hop-12-chiec-p-PRI1203881?offer=PRI1203881_RWY,PRI1203881,0,0,0,0,0
adayroi.com,https://www.adayroi.com/bang-xoa-bam-double-a-ctr-a065-5mm-x-6m-p-PRI1205061?offer=PRI1205061_RWY,PRI1205061,0,0,0,0,0
adayroi.com,https://www.adayroi.com/giay-in-photo-a4-bai-bang-hong-tem-70g-m2-p-PRI207958?offer=PRI207958_CKZ,PRI207958,0,0,0,0,0
adayroi.com,https://www.adayroi.com/but-bi-nuoc-uni-ball-eye-micro-ub-150-xanh-p-PRI827099?offer=PRI827099_CKZ,PRI827099,0,0,0,0,0
adayroi.com,https://www.adayroi.com/giay-nho-5-mau-p-PRI245169?offer=PRI245169_CKZ,PRI245169,0,0,0,0,0
adayroi.com,https://www.adayroi.com/bo-10-quyen-vo-hoc-sinh-80-trang-vinschool-p-PRI869305?offer=PRI869305_NDI,PRI869305,0,0,0,0,0
adayroi.com,https://www.adayroi.com/ho-kho-double-a-8g-p-PRI1204841?offer=PRI1204841_RWY,PRI1204841,0,0,0,0,0
adayroi.com,https://www.adayroi.com/giay-a4-double-a-70gsm-tap-500-to-p-PRI1203672?offer=PRI1203672_RWY,PRI1203672,0,0,0,0,0
adayroi.com,https://www.adayroi.com/dao-cat-giay-chuyen-dung-kds-s-11-16-5-x-1-x-0-5-cm-bac-p-PRI1061345?offer=PRI1061345_L5G,PRI1061345,0,0,0,0,0
adayroi.com,https://www.adayroi.com/but-chi-den-2b-triagraphite-faber-castell-p-1153013?offer=1153013_PE4,1153013,0,0,0,0,1
adayroi.com,https://www.adayroi.com/chuot-chi-triangle-faber-castell-80202p-xanh-la-cay-p-PRI1243592?offer=PRI1243592_PE4,PRI1243592,0,0,0,0,0
